unique_id,site_secured,state_incentives,federal_support,customer_named,company_stage,foreign_parent_china,source_date,source_url,note
M.B.Ambri_MA_0,yes,no,no,no,startup,no,2022-06-02,https://www.prnewswire.com/news-releases/ambri-announces-its-innovation-hub--expanding-manufacturing-capacity-with-new-facility-in-massachusetts-a-major-milestone-in-its-commercialization-301560038.html,Milford facility named; Reliance-funded
M.B.Amprius_CO_0,no,yes,yes,no,startup,no,2023-03-06,https://www.electrive.com/2023/03/07/amprius-will-make-battery-cells-in-colorado/,LOI for building; CO EDC credits 2023-03-16; $50M DOE grant cited
M.B.AppliedMaterials_NC_0,no,no,yes,no,established,no,2022-10-19,https://www.greencarcongress.com/2022/10/20221020-doecomponents.html,DOE $100M award; state only no site
M.B.Arrival_NC_0,yes,no,no,yes,startup,no,2021-03,https://www.sec.gov/Archives/edgar/data/1835059/000119312521190359/d108968df1a.htm,Leased Charlotte buildings; modules for own vans; UPS van order
M.B.BorgWarner_MI_0,yes,yes,no,no,established,no,2023-04-19,https://www.borgwarner.com/newsroom/press-releases/2023/04/19/borgwarner-announces-plan-to-invest-20-million-in-michigan-facilities-create-186-jobs,Existing facilities; MEDC $1.86M grant
M.B.Denkai_GA_0,yes,yes,no,no,established,no,2022-07-20,https://gov.georgia.gov/press-releases/2022-07-20/gov-kemp-copper-foil-manufacturer-denkai-america-locate-new-manufacturing,115-acre site; >$76M incentives
M.B.Enchem_TN_0,yes,no,no,no,established,no,2023-06-26,https://www.tn.gov/ecd/news/2023/6/26/-governor-lee--commissioner-mcwhorter-announce-enchem-america-inc--to-locate-us-manufacturing-operations-in-brownsville.html,Specific certified site named (I-40 Advantage park); Korean listed parent
M.B.EnerVenue_KY_0,yes,yes,no,no,startup,no,2023-03-28,https://newkentuckyhome.ky.gov/Newsroom/NewsPage/20230328_EnerVenue,CIM date 2022 but announcement was 2023; 73-acre site; state+county incentives
M.B.Fortescue_MI_0,yes,yes,no,no,established,no,2023-12-13,https://www.detroitnews.com/story/business/autos/2023/12/13/ev-battery-systems-plant-planned-for-detroits-milwaukee-junction-area/71910952007/,601 Piquette site; Detroit brownfield approval Dec 2023
M.B.Freyr_GA_0,yes,yes,no,no,startup,no,2022-11-11,https://pv-magazine-usa.com/2022/11/11/freyr-plans-the-giga-america-lithium-ion-battery-manufacturing-facility-in-georgia/,Land purchased; >$410M incentives
M.B.Gotion_MI_0,yes,yes,no,no,established,yes,2022-10-05,https://www.michiganbusiness.org/press-releases/2022/10/whitmer-announces-new-battery-component-manufacturing-facility-big-rapids-creating-2350-jobs-investment-more-than-$2.3-billion/,Big Rapids site; $715M state incentives; Chinese parent
M.B.ICL_MO_0,yes,no,yes,no,established,no,2022-10-19,https://www.firstalert4.com/2022/10/19/400-million-lithium-battery-plant-is-coming-st-louis/,Existing Carondelet campus; DOE $197M grant
M.B.Kore_AZ_0,yes,no,no,no,startup,no,2021-07-29,https://azgovernor.gov/governor/news/2021/07/kore-power-selects-arizona-site-one-million-square-foot-koreplex-lithium-ion,Buckeye site selected
M.B.Microvast_TN_0,yes,no,no,yes,established,no,2021-02-18,https://www.electrive.com/2021/02/11/microvast-to-build-plant-and-work-with-oshkosh/,Existing building 780 International Blvd; Oshkosh partnership same week; ~$100M revenue
M.B.Microvast_CO_0,yes,no,no,no,established,no,2023-07-11,https://www.businesswire.com/news/home/20230711843135/en/Microvast-Announces-Energy-Division-Expansion-in-Colorado,Windsor facility
M.B.Nanotech_NV_0,yes,no,no,no,startup,no,2021-11-11,https://www.edawn.org/nanotech-energy-announces-new-517-acre-nanotechnology-powered-battery-manufacturing-campus-in-the-greater-reno-area/,517-acre TRIC campus
M.B.SKEcoplant_KY_0,yes,no,no,yes,established,no,2023-09-26,https://www.prnewswire.com/news-releases/sk-ecoplant-and-ascend-elements-to-build-new-lithium-ion-battery-recycling-facility-in-southwest-kentucky-301938862.html,Plot in Hopkinsville; JV partner Ascend takes black mass
M.B.Stellantis_IL_0,yes,no,no,yes,established,no,2023-11-03,https://www.wifr.com/2023/11/03/stellantis-commits-nearly-5b-belvidere-with-new-uaw-contract/,Belvidere site; captive automaker; partner TBD
M.B.WisconsinBattery_WI_0,no,no,no,no,startup,no,2024-01-11,https://finance.yahoo.com/news/city-portage-approves-land-option-014500053.html,City land option on 17 acres (option not purchase); hemp-carbon startup
M.B.Natron_NC_0,yes,yes,no,no,startup,no,2024-08-15,https://edpnc.com/news/natron-energy-kingsboro-megasite-announcement/,Kingsboro megasite; JDIG + megasite incentives
M.B.ICL_MO_1,yes,yes,yes,no,established,no,2024-11-19,https://www.stlpr.org/economy-business/2024-11-19/icl-expansion-574-million-facility-north-st-louis-north-riverfront,Carrie Ave site; city abatements; DOE grant tied to LFP project
M.S.Convalt_NY2_0,no,no,no,no,startup,no,2022-08,https://www.solarpowerworldonline.com/2022/08/convalt-energy-solar-panel-factory-in-new-york-now-scheduled-to-open-in-mid-2023/,Planned ingot/wafer/cell site nearby; not secured
M.S.Maxeon_NM_0,yes,yes,no,no,established,yes,2023-08-10,https://mediaroom.maxeon.com/2023-08-10-Maxeon-Solar-Technologies-Selects-Albuquerque-New-Mexico-as-Site-for-New-3-Gigawatt-Solar-Cell-and-Panel-Manufacturing-Facility,160-acre site; state support; DOE loan only applied for; TCL Zhonghuan majority owner
M.S.MeyerBurger_CO_0,yes,yes,no,no,established,no,2023-07-24,https://pv-magazine-usa.com/2023/07/24/2-gw-meyer-burger-solar-cell-factory-in-colorado-hints-of-more-coming/,Former semiconductor fab; ~$90M state/local; DOE loan expected not awarded
M.S.VSKnergy_CO_0,no,yes,no,no,established,no,2023-06-23,https://oedit.colorado.gov/press-release/advancing-cleantech-in-colorado-solar-manufacturer-selects-colorado-for-expansion-and,Brighton city named not a site; state incentives; Vikram Solar JV
M.S.SEM_SC_0,no,no,no,no,established,no,2022-08-24,https://www.solarpowerworldonline.com/2022/08/spi-energy-will-start-1-5-gw-silicon-wafer-manufacturing-site-stateside-by-2023/,Equipment LOI only; no site at announcement
M.S.SunPacific_AL_0,no,no,no,no,startup,no,2022-04-20,https://www.roi-nj.com/2022/04/20/industry/energy-utilities/sun-pacific-to-develop-a-u-s-solar-panel-manufacturing-facility/,Still in discussion with states; OTC microcap
M.S.S4A_SC_1,yes,no,no,no,established,no,2023-04-27,https://www.sccommerce.com/news/sem-wafertech-inc-and-solar4america-technology-inc-establishing-first-south-carolina,Existing building 1150 Clipper Rd
M.S.Convalt_ME_0,unknown,unknown,unknown,unknown,startup,no,,,No announcement-window coverage found
M.S.Ubiquity_NY_0,yes,yes,no,no,startup,no,2021-09-22,https://www.governor.ny.gov/news/governor-hochul-announces-plans-ubiquity-solar-establish-us-manufacturing-operations-former,Former IBM Huron campus; Excelsior up to $3M
M.S.EbonSolar_NM_0,yes,yes,no,no,startup,no,2024-08-07,https://www.governor.state.nm.us/2024/08/07/ebon-solar-picks-new-mexico-for-major-solar-factory-company-to-invest-a-projected-942-million-create-over-900-jobs/,Mesa del Sol site; state/county/city incentives; China/CFIUS issues surfaced later (not coded)
M.S.EbonSolar_NM_1,yes,yes,no,no,startup,no,2024-08-07,https://www.governor.state.nm.us/2024/08/07/ebon-solar-picks-new-mexico-for-major-solar-factory-company-to-invest-a-projected-942-million-create-over-900-jobs/,Same announcement as NM_0
M.S.Maxeon_NM2_0,yes,no,no,no,established,yes,2024-11-26,https://mediaroom.maxeon.com/2024-11-26-Maxeon-Announces-Restructuring-of-Business-Portfolio,Five-year lease executed; TCL Zhonghuan majority owner
M.Z.Canoo_OK_0,yes,yes,no,no,startup,no,2021-06-17,https://www.readfrontier.org/stories/land-and-millions-of-dollars-for-infrastructure-are-part-of-a-deal-to-lure-a-startup-electric-car-maker-to-oklahoma/,Free land at MidAmerica park; ~$300M state incentives
M.Z.Ford_TN_0,yes,yes,no,yes,established,no,2021-09-27,https://tennesseelookout.com/2024/09/13/what-to-know-the-new-ford-blueoval-city-plant-poised-to-reshape-west-tennessee/,Megasite; $900M package approved Oct 2021; captive
M.Z.Ford_OH_0,yes,yes,no,yes,established,no,2022-06-02,https://governor.ohio.gov/media/news-and-media/governor-dewine-ford-motor-company-announce-1800-new-jobs-to-assemble-new-commercial-electric-vehicle-06022022,Existing Ohio Assembly; JobsOhio incentives; captive
M.Z.GM_MI_1,yes,no,no,yes,established,no,2022-01-25,https://gmauthority.com/blog/2022/01/gm-orion-plant-to-produce-chevy-silverado-ev-and-electric-gmc-sierra/,Existing Orion plant; state incentives not confirmed in sources found
M.Z.Honda_OH_0,yes,no,no,yes,established,no,2022-10-11,https://hondanews.com/en-US/releases/release-1503019bd8a757ea08267d79443a4c43-honda-makes-major-investment-in-ohio-to-create-new-electric-vehicle-hub,Retooling existing plants; captive
M.Z.Honda_OH_1,yes,no,no,yes,established,no,2022-10-11,https://hondanews.com/en-US/releases/release-1503019bd8a757ea08267d79443a4c43-honda-makes-major-investment-in-ohio-to-create-new-electric-vehicle-hub,Same announcement as OH_0
M.Z.Nissan_MS_0,yes,yes,no,yes,established,no,2022-02-17,https://www.wlbt.com/2022/02/17/nissan-making-big-announcement-canton-plant/,Existing Canton plant; MDA and county assistance; captive
M.Z.Electra_AZ_0,yes,no,no,yes,startup,no,2023-03-14,https://finance.yahoo.com/news/volcon-glv-electrameccanica-announce-assembly-132000717.html,Mesa facility already built; Volcon/GLV assembly agreement
M.Z.Lightning_CO_0,yes,no,no,no,startup,no,2022-02-24,https://www.businesswire.com/news/home/20220224005359/en/Lightning-eMotors-Expands-Manufacturing-Facility-to-Meet-Increasing-Customer-Demand,Existing Loveland campus
M.Z.Mobis_OH_0,yes,yes,yes,yes,established,no,2024-07-11,https://keia.org/analysis/us-manufacturing-and-green-energy-transition-bolstered-by-32-million-award-for-hyundai-mobis/,Toledo facility; JobsOhio Dec 2023; DOE $32M; supplies Hyundai
M.Z.Stellantis_MI_0,yes,no,no,yes,established,no,2024-09-11,https://www.detroitnews.com/story/business/autos/chrysler/2024/09/11/stellantis-spending-406-million-for-evs-hybrids-across-3-michigan-plants/75172018007/,Existing plants; captive
M.CM.Compass_UT_0,yes,no,no,yes,established,no,2022-11-10,https://www.sec.gov/Archives/edgar/data/1227654/000122765422000302/cmp-lgannouncementex991.htm,Existing Ogden facility; Ford MOU Aug 2022; binding LGES deal Nov 2022
M.CM.InternationalBattery_LA_0,yes,no,no,yes,startup,no,2024-01-11,https://www.ibatterymetals.com/news-category/international-battery-metals-ltd.-announces-the-signing-of-a-term-sheet-for-our-modular-direct-lithium-extraction-plant-with-a-customer,Modular plant built in Lake Charles; term sheet with customer
M.CM.Piedmont_TN_0,yes,no,yes,no,startup,no,2022-09-01,https://www.tn.gov/ecd/news/2022/9/1/governor-lee--commissioner-mcwhorter-announce-piedmont-lithium-inc--to-establish-operations-in-mcminn-county.html,CSX Select site; DOE $141.7M Oct 2022; pre-revenue developer
M.CM.Westwin_OK_0,yes,no,no,no,startup,no,2023-08-25,https://www.kgou.org/energy/2023-08-25/nations-first-cobalt-and-nickel-refinery-breaks-ground-in-lawton-oklahoma,Groundbreaking in Lawton
M.CM.LiCycle_NY_0,yes,no,no,yes,startup,no,2022-09,https://www.fastmarkets.com/insights/glencore-to-buy-li-cycles-rochester-hub-mhp-production/,Existing Kodak park site; Glencore offtake; DOE loan came Feb 2023 (outside window)
M.CM.SungEel_GA_0,yes,no,no,no,established,no,2022-08-18,https://gov.georgia.gov/press-releases/2022-08-18/gov-kemp-korean-lithium-ion-battery-recycler-sungeel-hitech-build-first,GRAD certified site in Toccoa
M.W.GEVernova_NY_0,no,no,no,no,established,no,2023-01-26,https://www.gevernova.com/news/press-releases/ge-proposes-building-two-new-offshore-wind-facilities-in-new-york,Proposal contingent on NY offshore wind awards
M.W.Siemens_VA_0,yes,no,no,yes,established,no,2021-10-25,https://virginiamercury.com/2021/10/25/siemens-gamesa-chooses-virginia-for-offshore-wind-turbine-blade-factory/,80-acre Portsmouth Marine Terminal lease; Dominion CVOW supplier
M.W.EEW_NJ_1,yes,yes,no,yes,established,no,2020-12-22,https://www.nj.gov/governor/news/news/562020/20201222a.shtml,Paulsboro Marine Terminal; state-backed port; Orsted Ocean Wind supply
M.W.Equinor_NY_1,yes,no,no,yes,established,no,2020-11-12,https://www.businesswire.com/news/home/20201112005999/en/Equinor-Backing-Port-of-Albany-to-Host-Nations-First-Offshore-Wind-Tower-and-Transition-Piece-Manufacturing-Facility,Port of Albany named; part of Equinor bid (contingent)
M.W.GEVernova_NY2_0,no,no,no,no,established,no,2023-01-26,https://www.gevernova.com/news/press-releases/ge-proposes-building-two-new-offshore-wind-facilities-in-new-york,Nacelle proposal contingent on NY awards
M.W.Equinor_NY_0,yes,no,no,yes,established,no,2020-11-12,https://www.businesswire.com/news/home/20201112005999/en/Equinor-Backing-Port-of-Albany-to-Host-Nations-First-Offshore-Wind-Tower-and-Transition-Piece-Manufacturing-Facility,Same as NY_1 (towers)
M.EZ.Nel_MI_0,yes,no,no,no,established,no,2023-05-03,https://www.michiganbusiness.org/press-releases/2023/09/nel-plymouth/,Plymouth Twp site; MSF grant Sept 2023 and DOE Mar 2024 both outside window
M.FU.FreeWire_CA_0,yes,no,no,yes,startup,no,2022-05-25,https://www.businesswire.com/news/home/20220525005420/en/FreeWire-Technologies-Launches-New-Global-Headquarters-RD-and-Manufacturing-Facility-in-Newark-CA,Newark facility under construction; bp/Phillips 66 customers
