unique_id,Company,Technology,Subcategory,Project_Type,State,Announcement_Date,Estimated_Total_Facility_CAPEX,Address
M.Z.Harley_PA_1,Harley-Davidson,Zero Emission Vehicles,EVs,Expansion,PA,7/11/24,177.40915,"1425 Eden Road, York, PA 17402"
M.Z.RYVID_CA_0,RYVID,Zero Emission Vehicles,BEVs,New,CA,12/1/22,5.979882,"San Bernardino, CA"
M.S.EnduransSolar_NH_0,Endurans Solar,Solar,Backsheets,Expansion,NH,9/27/22,,"3 Spit Brook Rd, Nashua, NH 03060"
M.FU.EdgeEnergy_OH_0,EdgeEnergy,Fueling Equipment,EV Chargers,Expansion,OH,2/15/23,152.145623,"5460 Muddy Creek Rd, Cincinnati, OH 45238"
M.W.GEVernova_FL_0,GE Vernova,Wind,Nacelles,Expansion,FL,3/2/23,20.286083,"8301 Scenic Hwy, Pensacola, FL 32514"
M.B.Microvast_TN_0,Microvast,Batteries,"Cells, Modules",New,TN,2/10/21,246.248556,"780 International Blvd, Clarksville, TN 37040"
M.Z.Ford_MI_1,Ford,Zero Emission Vehicles,BEVs,Expansion,MI,9/16/21,276.843659,"3001 Miller Rd, Dearborn, MI 48120"
M.B.Denkai_GA_0,Denkai America,Batteries,EAM,New,GA,7/20/22,155.125309,"Augusta, GA"
M.Z.Navistar_OH_1,Navistar,Zero Emission Vehicles,BEVs,Expansion,OH,4/29/21,,"6125 Urbana Rd, Springfield, OH 45502"
M.CM.Westwin_OK_0,Westwin Elements,Critical Minerals,"Nickel, Cobalt",New,OK,8/22/23,743.307532,"10925 SW Bishop Rd, Lawton, OK 73505"
M.B.Microporous_VA_0,Microporous,Batteries,EAM,New,VA,11/13/24,1588.650437,"Berry Hill, Pittsylvania County, VA 24069"
M.B.Factorial_MA_0,Factorial Energy,Batteries,Cells,New,MA,8/25/22,46.537593,"501 Griffin Brook Dr, Methuen, MA 01844"
M.Z.Nissan_MS_0,Nissan,Zero Emission Vehicles,EVs,Expansion,MS,2/17/22,536.139536,"300 Nissan Dr, Canton, MS 39046"
M.S.NESolar_AZ_0,NE Solar,Solar,Modules,New,AZ,9/10/23,258.458001,"3265 S Crismon Road, Mesa, AZ 85212"
M.S.Maxeon_NM_0,Maxeon Solar Technologies,Solar,"Cells, Modules",New,NM,8/15/23,1014.754309,"Mesa Del Sol, NM"
M.S.SEG_TX_0,SEG Solar,Solar,Modules,New,TX,9/21/22,62.050123,"10625 Telge Rd, Houston, TX 77095"
M.W.Carter_OK_0,Carter Wind Turbines,Wind,Turbines,New,OK,4/9/21,11.181293,"Lawton, OK"
M.Z.Stellantis_MI_0,Stellantis,Zero Emission Vehicles,BEVs,Expansion,MI,9/11/24,234.718285,"38111 Van Dyke, Sterling Heights, MI, United States"
M.B.Envision_SC_0,Envision AESC US/BMW,Batteries,"Cells, Modules",New,SC,12/6/22,1642.191638,"Technology and Commerce Park, Florence, S.C., 29503"
M.CM.Compass_UT_0,Compass Minerals,Critical Minerals,Lithium Carbonate,New,UT,9/14/22,275.778327,"Blacksmith Fork Canyon Rd, Hyrum, UT  84319"
M.S.Convalt_NY2_1,Convalt Energy,Solar,Modules,Expansion,NY,8/31/22,,"800 Starbuck Ave A-15, Watertown, NY 13601"
M.B.Nanotech_NV_0,Nanotech Energy,Batteries,"Cells, Modules",New,NV,11/11/21,368.896099,"1007 Wild Horse Canyon Dr, Sparks, NV 8943"
M.B.Corvus_WA_0,Corvus Energy,Batteries,"Cells, Modules",New,WA,5/19/22,29.511688,"306 W Champion St, Bellingham, WA  98225"
M.B.ICL_MO_1,ICL Group,Batteries,EAM,New,MO,11/20/24,543.119868,"460 E St. Louis, MO 63147"
M.B.Advano_LA_0,Advano,Batteries,EAM,Expansion,LA,7/8/20,20.7365,"2045 Lakeshore Drive, New Orleans, LA 70122"
M.Z.Rivian_IL_1,Rivian,Zero Emission Vehicles,BEVs,Expansion,IL,5/2/24,1503.303805,"100 Rivian Motorway, Normal, IL 61761"
M.FU.FreeWire_CA_0,FreeWire,Fueling Equipment,EV Chargers,New,CA,3/25/22,21.445581,"7200 Gateway Blvd, Newark, CA 94560"
M.EZ.Nel_MI_0,Nel Hydrogen US,Electrolyzers,"Alkaline, PEM",New,MI,5/3/23,405.970189,"Plymouth Charter Twp, MI"
M.Z.Honda_OH_1,Honda,Zero Emission Vehicles,BEVs,Expansion,OH,10/11/22,239.486281,"11000 OH-347, East Liberty, OH 43319"
M.Z.Lightning_CO_0,Lightning eMotors,Zero Emission Vehicles,BEVs,Expansion,CO,2/25/22,5.361395,"815 14th St SW Building B, Loveland, CO 80537"
M.S.Suniva_GA_0,Suniva,Solar,Cells,Restart,GA,10/26/23,111.136649,"5765 Peachtree Industrial Boulevard, Norcross, GA, 30092"
M.S.Convalt_NY_0,Convalt Energy,Solar,Modules,New,NY,7/12/21,139.529204,"Hounsfield, NY"
M.B.Kore_AZ_0,Kore Power,Batteries,Cells,New,AZ,7/29/21,1384.218294,"107 South 8th Street, Buckeye, AZ 85326"
M.Z.Vingroup_NC_0,Vingroup,Zero Emission Vehicles,BEVs,New,NC,3/29/22,480.009404,"Chatham County's Triangle Innovation Point, NC"
M.B.ICL_MO_0,ICL,Batteries,EAM,New,MO,10/19/22,441.339003,"4215 E Evans Ave, Saint Louis, MO  63113"
M.B.Ascend_MA_0,Ascend Elements,Batteries,EAM,Expansion,MA,9/12/23,,"133 Flanders Rd, Westborough, MA 01581"
M.B.LAND_OH_0,LAND Energy,Batteries,Modules,Expansion,OH,1/16/24,3.025038,"1265 W 65th St, Cleveland, OH 44102"
M.B.WisconsinBattery_WI_0,Wisconsin Battery Company,Batteries,Modules,New,WI,1/11/24,,"Portage, WI"
M.S.FirstSolar_OH_3,First Solar,Solar,Integrated CdTE,Expansion,OH,6/1/20,57.988712,"28101 Cedar Park Blvd, Perrysburg, OH 43551"
M.B.AppliedMaterials_NC_0,Applied Materials,Batteries,EAM,New,NC,10/19/22,229.906829,"3030 Horseshoe Ln, Charlotte, NC 28208"
M.Z.Endera_OH_0,Endera,Zero Emission Vehicles,BEVs,New,OH,4/7/21,,"804 N Pratt St Ottawa, OH 45875"
M.B.Stellantis_IL_0,Stellantis,Batteries,Modules,Restart,IL,11/3/23,3233.066148,"3000 W Chrysler Dr, Belvidere, IL 61008"
M.S.Convalt_ME_0,Convalt Energy,Solar,Modules,New,ME,11/3/23,58.592656,"East Millinocket, ME"
M.B.Natron_MI_0,Natron Energy,Batteries,"EAM, Cells, Modules",New,MI,5/4/22,42.054553,"70 W 48th St, Holland, MI 49423"
M.Z.Ford_OH_0,Ford,Zero Emission Vehicles,EVs,Expansion,OH,6/3/22,1577.045724,"799 Abbe Rd N, Sheffield, OH 44054"
M.S.Ubiquity_NY_0,Ubiquity Solar,Solar,"Cells, Modules",New,NY,9/22/21,67.549853,"1093 Clark St, Endicott, NY 13760"
M.CM.SungEel_GA_0,SungEel,Critical Minerals,"Lithium, Nickel, Cobalt",New,GA,8/18/22,38.264243,"Stephens County, GA"
M.CM.LiCycle_NY_0,Li-Cycle,Critical Minerals,Lithium Carbonate,New,NY,9/19/22,501.571831,"Eastman Business Park, 100 Latona Rd Bldg. 350, Rochester, NY 14652"
M.S.Crossroads_IN_1,Crossroads Solar,Solar,Modules,Expansion,IN,10/19/22,2.571465,"251 E Sample St, South Bend, IN 46619"
M.W.GEVernova_NY_0,"GE Vernova, LM Wind Power",Wind,Blades,New,NY,2/1/23,261.437464,"2170 River Rd, Coeymans, NY 12045"
M.B.Toyota_NC_2,Toyota,Batteries,"Cells, Modules",Expansion,NC,5/31/23,2131.343492,"151 NC-49, Liberty, NC  27298"
M.W.EEW_NJ_1,EEW - Phase 2,Wind,Foundations,Expansion,NJ,12/1/20,369.148752,"Port of Paulsboro, Paulsboro, NJ 08066"
M.S.SunPacific_AL_0,Sun Pacific Holding Corp,Solar,Modules,New,AL,4/19/22,110.205622,"Elba, AL"
M.B.Arrival_NC_0,Arrival,Batteries,Modules,New,NC,12/6/21,12.525403,"330 W Tremont Ave, Charlotte, NC 28203"
M.S.Maxeon_NM2_0,Maxeon Solar,Solar,Modules,New,NM,11/27/24,183.676037,"8500 Bluewater Rd NW, Albuquerque, NM 87121"
M.B.Ultium_MI_0,Ultium Cells LLC,Batteries,Cells,New,MI,1/1/22,2787.925585,"7111 Davis Hwy, Lansing, MI 48917"
M.Z.Ford_TN_0,Ford,Zero Emission Vehicles,BEVs,New,TN,9/27/21,3100.64898,"4767 Stanton-Somerville Rd, Stanton, TN 38069"
M.S.Convalt_NY2_0,Convalt Energy,Solar,"Ingots, Wafers, Cells",New,NY,8/31/22,636.013766,"800 Starbuck Ave A-15, Watertown, NY 13601"
M.S.EbonSolar_NM_1,Ebon Solar,Solar,Cells,Expansion,NM,8/13/24,730.234664,"Mesa del Sol, Albuquerque, NM"
M.Z.Hyundai_GA_0,Hyundai Motor Company,Zero Emission Vehicles,BEVs,Expansion,GA,7/12/23,202.950862,"7777 Kia Pkwy, West Point, GA 31833"
M.S.S4A_SC_1,Solar4America (SPI Energy),Solar,Cells,Expansion,SC,5/30/23,125.986893,"1150 Clipper Road, Sumter, SC  29154"
M.CM.Mersen_MI_0,Mersen,Critical Minerals,Graphite,Expansion,MI,6/29/23,72.059709,"900 Harrison St, Bay City, MI 48708"
M.B.Alkegen_IN_0,Alkegen,Batteries,EAM,New,IN,6/15/21,14.535681,"54401 Smilax Road, New Carlisle, IN 46552"
M.B.MitraChem_CA_0,Mitra Chem,Batteries,EAM,Expansion,CA,8/25/23,30.442629,"1245 Terra Bella Ave, Mountain View, CA 94043"
M.B.Kontrolmatik_SC_0,Kontrolmatik Technologies,Batteries,"Cells, Modules",New,SC,12/8/22,286.357167,"282P+R8H Walterboro, South Carolina"
M.Z.Canoo_OK_0,Canoo,Zero Emission Vehicles,EVs,New,OK,6/17/21,178.90069,"4075 Sanders Mitchell St, Pryor Creek, OK 74361"
M.B.Gotion_MI_0,Gotion,Batteries,EAM,New,MI,10/5/22,2422.232666,"120 N Warren Ave, Big Rapids, MI  49307"
M.B.Cummins_MS_0,"Cummins, Daimler, PACCAR",Batteries,Cells,New,MS,1/18/24,1915.857353,"Byhalia, MS 38611"
M.B.Tesla_TX_1,Tesla Inc.,Batteries,Modules,Expansion,TX,1/10/23,43.107927,"13101 Tesla Drive, Austin, TX 78725"
M.S.EbonSolar_NM_0,Ebon Solar,Solar,Cells,New,NM,8/13/24,208.638476,"Mesa del Sol, Albuquerque, NM"
M.B.SKEcoplant_KY_0,"SK ecoplant, Ascend Elements",Batteries,EAM,New,KY,9/26/23,65.95903,"Hopkinsville, KY"
M.S.Unimacts_NV2_0,Unimacts,Solar,Torque Tubes,New,NV,6/18/24,8.047189,"14600 Arville St, Sloan, NV 89054"
M.B.Amprius_CO_0,Amprius Technologies,Batteries,Cells,New,CO,3/6/23,192.71779,"18875 E Bromley Ln, Brighton, CO 80601"
M.B.BlueOval_KY2_0,BlueOvalSK (JV of Ford and SK On),Batteries,"Cells, Modules",New,KY,9/27/21,3211.386443,"1 BlueOval, Glendale, KY 42740"
M.B.Sparkz_CA_1,Sparkz,Batteries,"EAM, Cells",New,CA,7/10/24,,"7120 Badiee Dr, Sacramento, CA 95835"
M.Z.Columbia_SC_0,Columbia Vehicle Group,Zero Emission Vehicles,BEVs,New,SC,5/7/24,12.02643,"2063 University Pkwy, Aiken, SC 29801"
M.B.Freyr_GA_0,"Freyr Battery, Koch Industries",Batteries,Cells,New,GA,11/11/22,1744.828616,"Newnan, GA"
M.B.BorgWarner_MI_0,BorgWarner,Batteries,Modules,Expansion,MI,4/19/23,2.537314,"23950 Mound Road, Suite 300, Warren, MI 48091"
M.Z.GM_MI_1,General Motors,Zero Emission Vehicles,BEVs,Expansion,MI,1/25/22,4289.116284,"4555 Giddings Rd, Lake Orion, MI 48359"
M.FU.EVCharge_NY_0,EV Charge Solutions,Fueling Equipment,EV Chargers,New,NY,4/29/22,7.004193,"900 Jefferson Rd, Rochester, NY 14623"
M.B.Anovion_NY_0,Anovion Technologies,Batteries,EAM,Expansion,NY,10/19/22,421.837977,"3400 Raymond Rd, Sanborn, NY  14132"
M.S.S4A_CA_2,Solar4America (SPI Energy),Solar,Modules,Expansion,CA,1/9/23,137.757028,"4803 Urbani Ave, McClellan, CA 95652"
M.Z.Arrival_NC_0,Arrival,Zero Emission Vehicles,BEVs,New,NC,3/17/21,46.115639,"4100 Meadow Oak Dr, Charlotte, NC 28208"
M.Z.Thomas_NC_0,Thomas Built Buses,Zero Emission Vehicles,EVs,Expansion,NC,5/18/22,5.228749,"1013 Callahan St, High Point, NC 27263"
M.B.Redwood_NV_0,Redwood Materials,Batteries,EAM,Expansion,NV,7/25/22,2068.337449,"675 Innovation Wy, Sparks, NV 89434"
M.W.Siemens_VA_0,Siemens Gamesa,Wind,Blades,New,VA,10/25/21,217.833087,"2000 Seaboard Ave, Portsmouth, VA 23707"
M.B.Cabot_TX_0,Cabot Corp.,Batteries,EAM,Expansion,TX,1/26/23,83.680093,"8430 County Rd 3, Pampa, TX 79065"
M.S.VSKnergy_CO_0,VSK Energy,Solar,Modules,New,CO,6/22/23,253.731368,"22075 E 152nd Ave, Brighton, CO 80603"
M.W.GEVernova_NY2_0,GE Vernova,Wind,Nacelles,New,NY,2/1/23,261.437464,"2170 River Rd, Coeymans, NY 12045"
M.B.InoBat_IN_0,InoBat Auto,Batteries,Modules,New,IN,6/23/22,6.81864,"Indianapolis, IN"
M.B.LG_MI_1,LG Energy Solution Michigan Inc.,Batteries,"Cells, Modules",Expansion,MI,3/22/22,1822.874421,"1 LG Way, Holland, MI 49423"
M.S.Revkor_UT_0,"Revkor, H2 Gemini",Solar,"Ingots, Wafers, Cells, Modules",New,UT,7/19/23,1259.868927,"1194 6550 W, Salt Lake City, UT 84116"
M.B.Toyota_NC_1,Toyota,Batteries,"Cells, Modules",Expansion,NC,8/31/22,2585.421812,"151 NC-49, Liberty, NC  27298"
M.B.Natron_NC_0,Natron Energy,Batteries,Modules,New,NC,8/14/24,1395.352862,"Kingsboro Business Park, NC 27801"
M.B.Enchem_TN_0,Enchem America LLC,Batteries,EAM,New,TN,6/27/23,154.776135,"Windrow Road and Hwy 70/79 Bypass Brownsville, TN 38012"
M.W.Equinor_NY_1,Marmen and Welcon,Wind,Foundations,New,NY,11/12/20,97.880351,"106 Smith Blvd, Albany, NY 12202"
M.EZ.Versogen_DE_0,Versogen,Electrolyzers,AEM,New,DE,7/5/22,4.96401,"1090 Elkton Rd s115, Newark, DE 19711"
M.B.Ambri_MA_0,Ambri,Batteries,Cells,New,MA,6/2/22,75.698195,"196 E Main St, Milford, MA 01757"
M.Z.Mobis_OH_0,Mobis North America,Zero Emission Vehicles,PHEVs,Expansion,OH,7/11/24,31.89378,"4000 Stickney Ave, Toledo, OH 43612"
M.B.EnerVenue_KY_0,EnerVenue,Batteries,"Cells, Modules",New,KY,3/28/22,283.081675,"3053 Squire Cir, Shelbyville, KY  40065"
M.CM.Piedmont_TN_0,Piedmont Lithium Limited,Critical Minerals,Lithium Hydroxide,New,TN,9/1/22,601.886198,"525 Fifth St, Etowah, TN 37331"
M.Z.GM_TN_0,General Motors,Zero Emission Vehicles,BEVs,Expansion,TN,10/20/20,2237.265166,"100 Saturn Pkwy, Spring Hill, TN 37174"
M.B.OneD_WA_0,OneD Battery Sciences,Batteries,EAM,New,WA,10/7/21,21.783309,"1600 Rd N NE, Moses Lake, WA 98837"
M.Z.Honda_OH_0,Honda,Zero Emission Vehicles,"BEVs, FCEVs",Expansion,OH,10/11/22,239.486281,"24000 Honda Pkwy, Marysville, OH 43040"
M.B.Fortescue_MI_0,Fortescue,Batteries,"Modules, Packs",New,MI,11/17/23,212.169966,"601 Piquette Ave, Detroit, MI 48202"
M.S.Panasol_TX_0,Panasol,Solar,Modules,New,TX,3/30/23,45.919009,"College Station, TX"
M.Z.Electra_AZ_0,ElectraMeccanica,Zero Emission Vehicles,EVs,New,AZ,8/15/23,59.798818,"8127 E Ray Rd, Mesa, AZ 85212"
M.FU.PlugPower_NY_0,Plug Power,Fueling Equipment,EV Chargers,Expansion,NY,5/1/23,,"968 Albany Shaker Rd, Latham, NY 12110"
M.S.OMCO_AZ_1,OMCO Solar,Solar,Torque tubes,Expansion,AZ,4/12/22,2.62841,"4550 W Watkins St, Phoenix, AZ 85043"
M.B.ESS_OR_0,ESS Inc.,Batteries,Modules,Expansion,OR,6/28/24,50.110127,"26440 SW Parkway Ave, Wilsonville, OR 97070"
M.B.Microvast_CO_0,Microvast,Batteries,Modules,New,CO,7/11/23,,"31815 Great Western Dr, Windsor, CO 80550"
M.W.Equinor_NY_0,Marmen and Welcon,Wind,Towers,New,NY,11/12/20,266.373006,"106 Smith Blvd, Albany, NY 12202"
M.S.Qcells_GA2_1,Qcells,Solar,"Ingots, Wafers, Cells, Modules",New,GA,1/11/23,,"100 Qcells Pkwy, White, GA 30184"
M.Z.Toyota_IN_0,Toyota,Zero Emission Vehicles,PHEVs,Expansion,IN,4/28/21,152.635833,"4000 Tulip Tree Dr, Princeton, IN 47670"
M.S.MeyerBurger_CO_0,Meyer Burger,Solar,Cells,New,CO,7/24/23,405.901724,"1615 High Tech Wy, Colorado Springs, CO 80907"
M.Z.BlueBird_GA_0,Blue Bird,Zero Emission Vehicles,BEVs,New,GA,5/25/23,29.899409,"6144 US-341, Fort Valley, GA 31030"
M.CM.Graphex_MI_0,Graphex Technologies LLC,Critical Minerals,Graphite,New,MI,1/7/22,80.42093,"31227–31265 Charles Kettering Rd, Warren, MI  48092"
M.S.SEM_SC_0,SEM Wafertech (SPI Energy),Solar,Wafers,New,SC,8/24/22,68.151719,"1150 Clipper Road, Sumter, SC  29154"
M.S.RECSilicon_WA_0,REC Silicon,Solar,Polysilicon,Restart,WA,6/1/22,,"3322 Rd N NE, Moses Lake, WA 98837"
M.CM.InternationalBattery_LA_0,International Battery Metals,Critical Minerals,Lithium Carbonate,New,LA,1/11/24,423.380367,"Lake Charles, Louisiana"
