"Federal investment in tax credits, grants, and the fiscal costs of loans and loan guarantees by category, 2024 million USD"

version:,2026_Q2.20260805.0
created:,Wed Aug  5 11:04:03 2026 (PDT)

Segment,Category,quarter,Total Federal Investment
Energy and Industry,Clean Electricity Tax Credits,2022-Q1,1585.589
Energy and Industry,Clean Electricity Tax Credits,2022-Q2,1714.747
Energy and Industry,Clean Electricity Tax Credits,2022-Q3,2135.479
Energy and Industry,Clean Electricity Tax Credits,2022-Q4,3656.804
Energy and Industry,Clean Electricity Tax Credits,2023-Q1,2007.429
Energy and Industry,Clean Electricity Tax Credits,2023-Q2,3428.625
Energy and Industry,Clean Electricity Tax Credits,2023-Q3,3402.552
Energy and Industry,Clean Electricity Tax Credits,2023-Q4,4833.013
Energy and Industry,Clean Electricity Tax Credits,2024-Q1,4304.795
Energy and Industry,Clean Electricity Tax Credits,2024-Q2,5116.980
Energy and Industry,Clean Electricity Tax Credits,2024-Q3,5125.404
Energy and Industry,Clean Electricity Tax Credits,2024-Q4,7509.638
Energy and Industry,Clean Electricity Tax Credits,2025-Q1,4800.133
Energy and Industry,Clean Electricity Tax Credits,2025-Q2,5795.606
Energy and Industry,Clean Electricity Tax Credits,2025-Q3,5232.584
Energy and Industry,Clean Electricity Tax Credits,2025-Q4,5571.783
Energy and Industry,Clean Electricity Tax Credits,2026-Q1,3528.343
Energy and Industry,Clean Electricity Tax Credits,2026-Q2,5007.998
Energy and Industry,Emerging Climate Technology Tax Credits,2022-Q1,54.373
Energy and Industry,Emerging Climate Technology Tax Credits,2022-Q2,53.335
Energy and Industry,Emerging Climate Technology Tax Credits,2022-Q3,52.484
Energy and Industry,Emerging Climate Technology Tax Credits,2022-Q4,52.110
Energy and Industry,Emerging Climate Technology Tax Credits,2023-Q1,64.001
Energy and Industry,Emerging Climate Technology Tax Credits,2023-Q2,69.230
Energy and Industry,Emerging Climate Technology Tax Credits,2023-Q3,73.372
Energy and Industry,Emerging Climate Technology Tax Credits,2023-Q4,77.813
Energy and Industry,Emerging Climate Technology Tax Credits,2024-Q1,87.767
Energy and Industry,Emerging Climate Technology Tax Credits,2024-Q2,160.786
Energy and Industry,Emerging Climate Technology Tax Credits,2024-Q3,308.650
Energy and Industry,Emerging Climate Technology Tax Credits,2024-Q4,312.712
Energy and Industry,Emerging Climate Technology Tax Credits,2025-Q1,169.263
Energy and Industry,Emerging Climate Technology Tax Credits,2025-Q2,183.963
Energy and Industry,Emerging Climate Technology Tax Credits,2025-Q3,199.526
Energy and Industry,Emerging Climate Technology Tax Credits,2025-Q4,222.361
Energy and Industry,Emerging Climate Technology Tax Credits,2026-Q1,234.521
Energy and Industry,Emerging Climate Technology Tax Credits,2026-Q2,247.967
Manufacturing,Advanced Manufacturing Tax Credits,2022-Q1,0.000
Manufacturing,Advanced Manufacturing Tax Credits,2022-Q2,0.000
Manufacturing,Advanced Manufacturing Tax Credits,2022-Q3,0.000
Manufacturing,Advanced Manufacturing Tax Credits,2022-Q4,0.000
Manufacturing,Advanced Manufacturing Tax Credits,2023-Q1,1350.445
Manufacturing,Advanced Manufacturing Tax Credits,2023-Q2,1470.863
Manufacturing,Advanced Manufacturing Tax Credits,2023-Q3,1611.223
Manufacturing,Advanced Manufacturing Tax Credits,2023-Q4,1776.061
Manufacturing,Advanced Manufacturing Tax Credits,2024-Q1,2042.125
Manufacturing,Advanced Manufacturing Tax Credits,2024-Q2,2571.858
Manufacturing,Advanced Manufacturing Tax Credits,2024-Q3,2794.021
Manufacturing,Advanced Manufacturing Tax Credits,2024-Q4,3094.900
Manufacturing,Advanced Manufacturing Tax Credits,2025-Q1,3456.531
Manufacturing,Advanced Manufacturing Tax Credits,2025-Q2,3846.578
Manufacturing,Advanced Manufacturing Tax Credits,2025-Q3,4132.688
Manufacturing,Advanced Manufacturing Tax Credits,2025-Q4,4543.960
Manufacturing,Advanced Manufacturing Tax Credits,2026-Q1,5652.182
Manufacturing,Advanced Manufacturing Tax Credits,2026-Q2,6112.476
Retail,Non-residential Distributed Energy Tax Credits,2022-Q1,333.515
Retail,Non-residential Distributed Energy Tax Credits,2022-Q2,237.720
Retail,Non-residential Distributed Energy Tax Credits,2022-Q3,173.166
Retail,Non-residential Distributed Energy Tax Credits,2022-Q4,212.285
Retail,Non-residential Distributed Energy Tax Credits,2023-Q1,179.065
Retail,Non-residential Distributed Energy Tax Credits,2023-Q2,191.967
Retail,Non-residential Distributed Energy Tax Credits,2023-Q3,230.331
Retail,Non-residential Distributed Energy Tax Credits,2023-Q4,307.733
Retail,Non-residential Distributed Energy Tax Credits,2024-Q1,248.328
Retail,Non-residential Distributed Energy Tax Credits,2024-Q2,249.520
Retail,Non-residential Distributed Energy Tax Credits,2024-Q3,219.634
Retail,Non-residential Distributed Energy Tax Credits,2024-Q4,241.776
Retail,Non-residential Distributed Energy Tax Credits,2025-Q1,0.000
Retail,Non-residential Distributed Energy Tax Credits,2025-Q2,0.000
Retail,Non-residential Distributed Energy Tax Credits,2025-Q3,0.000
Retail,Non-residential Distributed Energy Tax Credits,2025-Q4,0.000
Retail,Non-residential Distributed Energy Tax Credits,2026-Q1,0.000
Retail,Non-residential Distributed Energy Tax Credits,2026-Q2,0.000
Retail,Residential Energy & Efficiency Tax Credits,2022-Q1,772.256
Retail,Residential Energy & Efficiency Tax Credits,2022-Q2,837.467
Retail,Residential Energy & Efficiency Tax Credits,2022-Q3,903.495
Retail,Residential Energy & Efficiency Tax Credits,2022-Q4,1037.839
Retail,Residential Energy & Efficiency Tax Credits,2023-Q1,1703.814
Retail,Residential Energy & Efficiency Tax Credits,2023-Q2,1867.015
Retail,Residential Energy & Efficiency Tax Credits,2023-Q3,1961.776
Retail,Residential Energy & Efficiency Tax Credits,2023-Q4,1502.500
Retail,Residential Energy & Efficiency Tax Credits,2024-Q1,1516.279
Retail,Residential Energy & Efficiency Tax Credits,2024-Q2,1634.134
Retail,Residential Energy & Efficiency Tax Credits,2024-Q3,1923.025
Retail,Residential Energy & Efficiency Tax Credits,2024-Q4,1435.788
Retail,Residential Energy & Efficiency Tax Credits,2025-Q1,1854.660
Retail,Residential Energy & Efficiency Tax Credits,2025-Q2,1922.732
Retail,Residential Energy & Efficiency Tax Credits,2025-Q3,1753.241
Retail,Residential Energy & Efficiency Tax Credits,2025-Q4,1520.566
Retail,Residential Energy & Efficiency Tax Credits,2026-Q1,0.000
Retail,Residential Energy & Efficiency Tax Credits,2026-Q2,0.000
Retail,Zero Emission Vehicle Tax Credits,2022-Q1,574.145
Retail,Zero Emission Vehicle Tax Credits,2022-Q2,709.206
Retail,Zero Emission Vehicle Tax Credits,2022-Q3,609.797
Retail,Zero Emission Vehicle Tax Credits,2022-Q4,823.922
Retail,Zero Emission Vehicle Tax Credits,2023-Q1,1739.950
Retail,Zero Emission Vehicle Tax Credits,2023-Q2,2122.794
Retail,Zero Emission Vehicle Tax Credits,2023-Q3,2321.286
Retail,Zero Emission Vehicle Tax Credits,2023-Q4,2290.753
Retail,Zero Emission Vehicle Tax Credits,2024-Q1,2211.900
Retail,Zero Emission Vehicle Tax Credits,2024-Q2,2511.528
Retail,Zero Emission Vehicle Tax Credits,2024-Q3,2660.415
Retail,Zero Emission Vehicle Tax Credits,2024-Q4,2795.417
Retail,Zero Emission Vehicle Tax Credits,2025-Q1,1742.528
Retail,Zero Emission Vehicle Tax Credits,2025-Q2,1771.065
Retail,Zero Emission Vehicle Tax Credits,2025-Q3,2346.569
Retail,Zero Emission Vehicle Tax Credits,2025-Q4,0.000
Retail,Zero Emission Vehicle Tax Credits,2026-Q1,0.000
Retail,Zero Emission Vehicle Tax Credits,2026-Q2,0.000
Energy and Industry,"Grants, Loans, and Loan Guarantees",2022-Q1,0.465
Energy and Industry,"Grants, Loans, and Loan Guarantees",2022-Q2,28.070
Energy and Industry,"Grants, Loans, and Loan Guarantees",2022-Q3,3.982
Energy and Industry,"Grants, Loans, and Loan Guarantees",2022-Q4,12.149
Energy and Industry,"Grants, Loans, and Loan Guarantees",2023-Q1,19.280
Energy and Industry,"Grants, Loans, and Loan Guarantees",2023-Q2,41.141
Energy and Industry,"Grants, Loans, and Loan Guarantees",2023-Q3,285.062
Energy and Industry,"Grants, Loans, and Loan Guarantees",2023-Q4,155.611
Energy and Industry,"Grants, Loans, and Loan Guarantees",2024-Q1,174.166
Energy and Industry,"Grants, Loans, and Loan Guarantees",2024-Q2,233.879
Energy and Industry,"Grants, Loans, and Loan Guarantees",2024-Q3,402.627
Energy and Industry,"Grants, Loans, and Loan Guarantees",2024-Q4,415.010
Energy and Industry,"Grants, Loans, and Loan Guarantees",2025-Q1,1000.142
Energy and Industry,"Grants, Loans, and Loan Guarantees",2025-Q2,450.577
Energy and Industry,"Grants, Loans, and Loan Guarantees",2025-Q3,427.342
Energy and Industry,"Grants, Loans, and Loan Guarantees",2025-Q4,344.402
Energy and Industry,"Grants, Loans, and Loan Guarantees",2026-Q1,431.686
Energy and Industry,"Grants, Loans, and Loan Guarantees",2026-Q2,469.241
Manufacturing,"Grants, Loans, and Loan Guarantees",2022-Q1,0.056
Manufacturing,"Grants, Loans, and Loan Guarantees",2022-Q2,0.443
Manufacturing,"Grants, Loans, and Loan Guarantees",2022-Q3,7.574
Manufacturing,"Grants, Loans, and Loan Guarantees",2022-Q4,167.025
Manufacturing,"Grants, Loans, and Loan Guarantees",2023-Q1,13.680
Manufacturing,"Grants, Loans, and Loan Guarantees",2023-Q2,29.878
Manufacturing,"Grants, Loans, and Loan Guarantees",2023-Q3,56.292
Manufacturing,"Grants, Loans, and Loan Guarantees",2023-Q4,81.724
Manufacturing,"Grants, Loans, and Loan Guarantees",2024-Q1,72.928
Manufacturing,"Grants, Loans, and Loan Guarantees",2024-Q2,132.530
Manufacturing,"Grants, Loans, and Loan Guarantees",2024-Q3,174.047
Manufacturing,"Grants, Loans, and Loan Guarantees",2024-Q4,1148.458
Manufacturing,"Grants, Loans, and Loan Guarantees",2025-Q1,436.174
Manufacturing,"Grants, Loans, and Loan Guarantees",2025-Q2,142.652
Manufacturing,"Grants, Loans, and Loan Guarantees",2025-Q3,128.612
Manufacturing,"Grants, Loans, and Loan Guarantees",2025-Q4,152.322
Manufacturing,"Grants, Loans, and Loan Guarantees",2026-Q1,120.813
Manufacturing,"Grants, Loans, and Loan Guarantees",2026-Q2,125.400
Retail,"Grants, Loans, and Loan Guarantees",2022-Q1,82.745
Retail,"Grants, Loans, and Loan Guarantees",2022-Q2,82.897
Retail,"Grants, Loans, and Loan Guarantees",2022-Q3,84.175
Retail,"Grants, Loans, and Loan Guarantees",2022-Q4,196.372
Retail,"Grants, Loans, and Loan Guarantees",2023-Q1,301.679
Retail,"Grants, Loans, and Loan Guarantees",2023-Q2,389.901
Retail,"Grants, Loans, and Loan Guarantees",2023-Q3,340.301
Retail,"Grants, Loans, and Loan Guarantees",2023-Q4,294.587
Retail,"Grants, Loans, and Loan Guarantees",2024-Q1,309.405
Retail,"Grants, Loans, and Loan Guarantees",2024-Q2,348.088
Retail,"Grants, Loans, and Loan Guarantees",2024-Q3,389.576
Retail,"Grants, Loans, and Loan Guarantees",2024-Q4,476.718
Retail,"Grants, Loans, and Loan Guarantees",2025-Q1,504.446
Retail,"Grants, Loans, and Loan Guarantees",2025-Q2,469.436
Retail,"Grants, Loans, and Loan Guarantees",2025-Q3,573.942
Retail,"Grants, Loans, and Loan Guarantees",2025-Q4,350.659
Retail,"Grants, Loans, and Loan Guarantees",2026-Q1,374.529
Retail,"Grants, Loans, and Loan Guarantees",2026-Q2,387.266
