"Federal investment in tax credits, grants, and the fiscal costs of loans and loan guarantees by State, 2024 million USD (or 2024 USD for per-capita values)"

version:,2026_Q2.20260805.0
created:,Wed Aug  5 11:04:03 2026 (PDT)

State,quarter,Total Federal Investment,Federal investment per capita,Federal investment as a fraction of state GDP,Population,State GDP (Annualized)
AK,2022-Q1,0.715175,0.974231,0.000045,734092,62928.347259
AK,2022-Q2,1.435341,1.956341,0.000091,733686,63297.220828
AK,2022-Q3,1.224191,1.669482,0.000077,733276,63420.628256
AK,2022-Q4,7.034648,9.593023,0.000434,733308,64774.738176
AK,2023-Q1,5.486894,7.482044,0.000332,733341,66041.181617
AK,2023-Q2,8.626140,11.762272,0.000508,733373,67945.567282
AK,2023-Q3,16.292044,22.214223,0.000941,733406,69238.310666
AK,2023-Q4,9.812390,13.348535,0.000563,735091,69705.640435
AK,2024-Q1,9.971790,13.534281,0.000577,736780,69085.905865
AK,2024-Q2,13.531287,18.323788,0.000771,738454,70187.131711
AK,2024-Q3,19.324483,26.109474,0.001088,740133,71057.727282
AK,2024-Q4,62.195951,84.115611,0.003481,739410,71475.154593
AK,2025-Q1,37.363309,50.580612,0.002082,738688,71798.846207
AK,2025-Q2,18.338486,24.849477,0.001017,737982,72147.489050
AK,2025-Q3,20.317418,27.557635,0.001116,737270,72823.869653
AK,2025-Q4,15.272071,20.734598,0.000839,736550,72804.987642
AK,2026-Q1,20.272914,27.551049,0.001106,735830,73310.755789
AK,2026-Q2,21.473051,29.209945,0.001164,735128,73820.037452
AL,2022-Q1,4.708244,0.930074,0.000064,5062224,295382.124232
AL,2022-Q2,5.616065,1.108136,0.000076,5068028,296716.067950
AL,2022-Q3,5.396930,1.063664,0.000072,5073903,300088.731319
AL,2022-Q4,9.878230,1.943541,0.000130,5082593,303769.227852
AL,2023-Q1,178.707318,35.100540,0.002334,5091298,306221.092014
AL,2023-Q2,99.155468,19.442903,0.001290,5099828,307357.914494
AL,2023-Q3,99.594247,19.495913,0.001284,5108468,310204.021132
AL,2023-Q4,83.885319,16.381296,0.001067,5120798,314392.172360
AL,2024-Q1,169.728037,33.065026,0.002169,5133158,313050.127769
AL,2024-Q2,180.347279,35.050098,0.002273,5145414,317408.397325
AL,2024-Q3,188.323724,36.513128,0.002344,5157699,321321.118879
AL,2024-Q4,190.666322,36.903663,0.002362,5166596,322873.786162
AL,2025-Q1,219.207920,42.354855,0.002720,5175508,322306.725067
AL,2025-Q2,264.518989,51.023654,0.003273,5184242,323303.132419
AL,2025-Q3,304.985176,58.729060,0.003731,5193088,327007.931571
AL,2025-Q4,308.951218,59.390326,0.003779,5202046,327061.937390
AL,2026-Q1,301.819617,57.919491,0.003669,5211019,329038.550349
AL,2026-Q2,307.011103,58.816489,0.003710,5219813,331027.109053
AR,2022-Q1,41.553018,13.680078,0.000959,3037484,173256.562805
AR,2022-Q2,12.983270,4.268122,0.000301,3041916,172547.826226
AR,2022-Q3,14.048435,4.611481,0.000323,3046404,174120.724072
AR,2022-Q4,18.700831,6.127872,0.000425,3051765,175993.591566
AR,2023-Q1,36.849023,12.053442,0.000829,3057137,177768.541507
AR,2023-Q2,27.787025,9.073608,0.000628,3062400,177120.420557
AR,2023-Q3,33.723651,10.993024,0.000759,3067732,177799.626444
AR,2023-Q4,20.327381,6.615042,0.000452,3072902,179770.411492
AR,2024-Q1,50.095620,16.274946,0.001099,3078082,182297.616924
AR,2024-Q2,54.784042,17.768487,0.001192,3083213,183781.922698
AR,2024-Q3,87.820168,28.435914,0.001889,3088354,185993.616012
AR,2024-Q4,61.930060,20.009736,0.001320,3094996,187597.598796
AR,2025-Q1,60.418680,19.479510,0.001286,3101652,187987.714763
AR,2025-Q2,51.037843,16.420498,0.001089,3108178,187477.921786
AR,2025-Q3,51.326519,16.478319,0.001080,3114791,190155.889165
AR,2025-Q4,41.970494,13.445659,0.000882,3121490,190359.495507
AR,2026-Q1,33.453232,10.694071,0.000699,3128203,191355.767759
AR,2026-Q2,34.162173,10.897771,0.000710,3134785,192357.254137
AZ,2022-Q1,74.520223,10.181304,0.000589,7319320,506464.924023
AZ,2022-Q2,109.161124,14.867353,0.000855,7342337,510895.428870
AZ,2022-Q3,66.214810,8.989635,0.000514,7365684,515387.869944
AZ,2022-Q4,83.045025,11.249392,0.000640,7382179,519021.461990
AZ,2023-Q1,181.012083,24.465354,0.001382,7398710,523955.714825
AZ,2023-Q2,384.659240,51.876389,0.002917,7414919,527457.176251
AZ,2023-Q3,468.896199,63.097092,0.003518,7431344,533171.825559
AZ,2023-Q4,208.265868,27.883944,0.001555,7469024,535835.083365
AZ,2024-Q1,207.547101,27.647523,0.001523,7506896,545075.968591
AZ,2024-Q2,621.898495,82.430208,0.004514,7544545,551067.266384
AZ,2024-Q3,373.445767,49.251761,0.002681,7582384,557083.338669
AZ,2024-Q4,320.727378,42.240953,0.002279,7592806,563012.700234
AZ,2025-Q1,373.182740,49.082048,0.002677,7603243,557521.021347
AZ,2025-Q2,863.922376,113.472930,0.006144,7613466,562467.661427
AZ,2025-Q3,307.638023,40.352225,0.002163,7623818,568789.285771
AZ,2025-Q4,461.120776,60.401208,0.003230,7634297,570981.828244
AZ,2026-Q1,115.519746,15.110910,0.000806,7644791,572996.820196
AZ,2026-Q2,272.952792,35.656470,0.001899,7655070,575018.923045
CA,2022-Q1,711.446728,18.199118,0.000753,39092373,3777333.064810
CA,2022-Q2,829.936327,21.244124,0.000883,39066629,3758085.340993
CA,2022-Q3,1175.818513,30.117827,0.001252,39040616,3756514.098232
CA,2022-Q4,1220.776183,31.284633,0.001304,39021591,3744697.043304
CA,2023-Q1,1410.802231,36.172027,0.001499,39002576,3765155.933415
CA,2023-Q2,1833.131553,47.022684,0.001924,38983983,3812064.076663
CA,2023-Q3,2815.279215,72.251130,0.002924,38965193,3850723.195417
CA,2023-Q4,2214.267302,56.657212,0.002283,39081826,3880085.794505
CA,2024-Q1,1792.173098,45.720091,0.001831,39198808,3914391.261443
CA,2024-Q2,2403.011204,61.122206,0.002448,39314864,3926175.582148
CA,2024-Q3,2746.279742,69.647268,0.002769,39431263,3967486.173060
CA,2024-Q4,2727.531055,69.205415,0.002733,39412104,3991644.030504
CA,2025-Q1,2100.900896,53.331893,0.002105,39392955,3991676.764728
CA,2025-Q2,2187.271525,55.550837,0.002169,39374231,4033936.648142
CA,2025-Q3,2407.601404,61.176026,0.002361,39355309,4078389.724576
CA,2025-Q4,1528.480377,38.856851,0.001496,39336187,4087358.902001
CA,2026-Q1,659.246842,16.767444,0.000639,39317075,4124184.904201
CA,2026-Q2,840.084386,21.377070,0.000808,39298387,4161342.698757
CO,2022-Q1,66.182341,11.359006,0.000520,5826419,508750.381544
CO,2022-Q2,74.845648,12.829910,0.000592,5833684,505691.702505
CO,2022-Q3,63.618753,10.891684,0.000495,5841039,513692.629922
CO,2022-Q4,202.458141,34.606837,0.001559,5850235,519419.698858
CO,2023-Q1,193.345546,32.997239,0.001472,5859446,525549.783756
CO,2023-Q2,606.249016,103.306129,0.004568,5868470,530818.687177
CO,2023-Q3,239.909948,40.817602,0.001790,5877610,536244.554710
CO,2023-Q4,306.182803,51.916610,0.002266,5897588,540461.374356
CO,2024-Q1,234.447619,39.618466,0.001749,5917634,536257.281530
CO,2024-Q2,293.178216,49.377130,0.002160,5937530,542875.227856
CO,2024-Q3,313.473220,52.618311,0.002295,5957493,546430.252870
CO,2024-Q4,372.362475,62.358429,0.002712,5971325,549247.122332
CO,2025-Q1,328.993910,54.967998,0.002402,5985189,547796.264868
CO,2025-Q2,339.343351,56.568687,0.002457,5998784,552560.337768
CO,2025-Q3,305.214153,50.762754,0.002185,6012561,558830.417684
CO,2025-Q4,330.973093,54.919427,0.002361,6026521,560726.713843
CO,2026-Q1,213.474591,35.340468,0.001518,6040513,562656.948188
CO,2026-Q2,187.966090,31.047048,0.001332,6054233,564593.827133
CT,2022-Q1,28.047524,7.777545,0.000336,3606218,334314.178241
CT,2022-Q2,21.644780,6.000014,0.000258,3607455,335457.923786
CT,2022-Q3,20.722820,5.742452,0.000245,3608706,338128.867139
CT,2022-Q4,33.676966,9.326632,0.000395,3610839,340773.365509
CT,2023-Q1,44.918548,12.432571,0.000529,3612973,339705.649292
CT,2023-Q2,40.283708,11.143295,0.000473,3615062,340796.504869
CT,2023-Q3,51.120670,14.132757,0.000598,3617176,341986.529136
CT,2023-Q4,45.297201,12.472926,0.000525,3631641,344918.616703
CT,2024-Q1,117.705544,32.282006,0.001375,3646165,342297.257694
CT,2024-Q2,109.728843,29.975735,0.001273,3660588,344835.976129
CT,2024-Q3,138.075557,37.570875,0.001594,3675069,346591.261921
CT,2024-Q4,123.857990,33.671256,0.001424,3678448,347834.176155
CT,2025-Q1,116.879088,31.744822,0.001343,3681831,348134.987845
CT,2025-Q2,106.824538,28.987888,0.001214,3685143,352081.901661
CT,2025-Q3,114.779627,31.118273,0.001286,3688496,356947.778661
CT,2025-Q4,82.153833,22.252525,0.000919,3691888,357433.705236
CT,2026-Q1,70.063258,18.960186,0.000781,3695283,359060.071733
CT,2026-Q2,70.820823,19.147968,0.000785,3698607,360693.838394
DC,2022-Q1,4.579067,6.834426,0.000104,670000,176531.108197
DC,2022-Q2,5.036798,7.512319,0.000116,670471,174017.360656
DC,2022-Q3,4.726505,7.044507,0.000109,670949,173314.557377
DC,2022-Q4,6.052075,8.993187,0.000140,672962,172512.054098
DC,2023-Q1,9.828043,14.560462,0.000227,674981,172827.498361
DC,2023-Q2,10.508583,15.523132,0.000241,676962,174331.170492
DC,2023-Q3,14.066185,20.716885,0.000323,678972,174412.891803
DC,2023-Q4,12.769504,18.648426,0.000291,684749,175431.139344
DC,2024-Q1,12.390328,17.942006,0.000283,690576,175225.201639
DC,2024-Q2,15.944742,22.896321,0.000363,696388,175798.885246
DC,2024-Q3,16.036513,22.835903,0.000364,702250,176164.996721
DC,2024-Q4,22.848810,32.637844,0.000510,700071,179105.329508
DC,2025-Q1,18.355754,26.301452,0.000413,697898,177989.016393
DC,2025-Q2,12.554478,18.043736,0.000282,695780,177971.037705
DC,2025-Q3,36.112672,52.062181,0.000809,693645,178554.527869
DC,2025-Q4,10.585603,15.308335,0.000242,691492,174739.777049
DC,2026-Q1,5.808511,8.426104,0.000132,689347,175707.357377
DC,2026-Q2,6.152369,8.952095,0.000139,687254,176680.295453
DE,2022-Q1,3.278691,3.239162,0.000130,1012203,100864.339847
DE,2022-Q2,4.965847,4.888584,0.000195,1015804,101654.948589
DE,2022-Q3,2.720491,2.668563,0.000106,1019459,102730.981971
DE,2022-Q4,25.027583,24.474984,0.000971,1022578,103149.488038
DE,2023-Q1,13.163242,12.833339,0.000515,1025706,102287.085368
DE,2023-Q2,12.790074,12.432313,0.000498,1028776,102723.102149
DE,2023-Q3,12.265894,11.886823,0.000473,1031890,103828.903745
DE,2023-Q4,10.302126,9.935621,0.000394,1036887,104490.808738
DE,2024-Q1,12.815636,12.300136,0.000484,1041910,105903.923366
DE,2024-Q2,10.368592,9.904075,0.000387,1046901,107224.231210
DE,2024-Q3,18.569104,17.652632,0.000687,1051917,108132.161736
DE,2024-Q4,14.741574,13.987156,0.000544,1053936,108482.376018
DE,2025-Q1,10.729843,10.161222,0.000395,1055959,108701.259944
DE,2025-Q2,11.173289,10.561333,0.000408,1057943,109563.662614
DE,2025-Q3,10.571615,9.973673,0.000382,1059952,110627.438496
DE,2025-Q4,5.871116,5.528426,0.000212,1061986,110569.653139
DE,2026-Q1,0.606510,0.570014,0.000022,1064025,110578.408496
DE,2026-Q2,1.168387,1.096023,0.000042,1066024,110587.164547
FL,2022-Q1,306.540048,13.909081,0.000812,22038843,1510104.749067
FL,2022-Q2,198.905075,8.983413,0.000519,22141370,1533135.656601
FL,2022-Q3,211.183450,9.493302,0.000541,22245521,1560208.620625
FL,2022-Q4,219.476995,9.825709,0.000556,22337012,1580141.877391
FL,2023-Q1,661.001173,29.470983,0.001647,22428881,1605414.174505
FL,2023-Q2,598.255978,26.566582,0.001485,22519117,1611810.949261
FL,2023-Q3,509.020848,22.512362,0.001250,22610726,1629175.422464
FL,2023-Q4,588.914899,25.829859,0.001426,22799771,1652168.553770
FL,2024-Q1,500.947051,21.789403,0.001208,22990398,1658137.197931
FL,2024-Q2,605.873333,26.137176,0.001455,23180520,1666045.021841
FL,2024-Q3,648.496666,27.746479,0.001537,23372215,1688081.155349
FL,2024-Q4,653.632852,27.939065,0.001539,23394943,1699149.590407
FL,2025-Q1,647.706792,27.658863,0.001515,23417694,1710243.209619
FL,2025-Q2,637.349251,27.190701,0.001479,23439971,1724044.125233
FL,2025-Q3,648.666444,27.646924,0.001492,23462518,1739028.696018
FL,2025-Q4,399.513818,17.011204,0.000916,23485334,1744367.736364
FL,2026-Q1,267.684266,11.386860,0.000611,23508172,1751167.457561
FL,2026-Q2,279.515440,11.878838,0.000636,23530536,1757993.684756
GA,2022-Q1,24.206611,2.230593,0.000119,10852098,810862.422390
GA,2022-Q2,92.035741,8.457292,0.000447,10882412,824019.457809
GA,2022-Q3,24.784430,2.271061,0.000120,10913150,827048.518882
GA,2022-Q4,35.438042,3.238631,0.000170,10942292,835123.622454
GA,2023-Q1,165.565421,15.090483,0.000801,10971512,826553.245863
GA,2023-Q2,172.382931,15.670930,0.000829,11000172,832123.272860
GA,2023-Q3,182.149025,16.515122,0.000868,11029227,839057.095127
GA,2023-Q4,171.387529,15.486145,0.000811,11067152,845287.486150
GA,2024-Q1,256.700551,23.115330,0.001209,11105207,849077.401426
GA,2024-Q2,334.042704,29.977864,0.001562,11142978,855623.618721
GA,2024-Q3,378.828523,33.881822,0.001760,11180878,860971.131753
GA,2024-Q4,457.579249,40.813487,0.002114,11211471,865923.861944
GA,2025-Q1,440.937031,39.221775,0.002041,11242148,863978.659217
GA,2025-Q2,452.146408,40.111495,0.002079,11272240,869979.358404
GA,2025-Q3,463.407429,40.999536,0.002105,11302748,880480.581983
GA,2025-Q4,400.233159,35.313626,0.001817,11333674,880925.609913
GA,2026-Q1,365.643442,32.173650,0.001650,11364686,886416.680342
GA,2026-Q2,368.468375,32.335669,0.001652,11395106,891941.978240
HI,2022-Q1,12.045607,8.347399,0.000446,1443037,108041.354373
HI,2022-Q2,19.457115,13.500382,0.000719,1441226,108299.662244
HI,2022-Q3,28.856126,20.047343,0.001056,1439399,109345.972609
HI,2022-Q4,18.902714,13.142182,0.000684,1438323,110549.229530
HI,2023-Q1,64.002628,44.531330,0.002314,1437249,110622.253274
HI,2023-Q2,46.279214,32.223396,0.001660,1436199,111502.897831
HI,2023-Q3,27.461821,19.135318,0.000984,1435138,111596.629801
HI,2023-Q4,168.772775,117.374722,0.005962,1437897,113239.119094
HI,2024-Q1,56.298845,39.078467,0.001993,1440661,113009.148795
HI,2024-Q2,64.314633,44.557698,0.002255,1443401,114104.504958
HI,2024-Q3,28.808415,19.920820,0.000999,1446146,115296.862812
HI,2024-Q4,28.660606,19.864911,0.000991,1442775,115699.038359
HI,2025-Q1,44.893540,31.188787,0.001537,1439412,116860.878827
HI,2025-Q2,25.896429,18.032082,0.000885,1436130,116989.487809
HI,2025-Q3,43.251695,30.186412,0.001468,1432820,117834.165448
HI,2025-Q4,14.197990,9.932272,0.000482,1429480,117724.084878
HI,2026-Q1,1.432020,1.004117,0.000048,1426148,118419.445308
HI,2026-Q2,1.632008,1.146962,0.000055,1422897,119118.913021
IA,2022-Q1,125.323772,39.178057,0.001955,3198825,256440.906941
IA,2022-Q2,100.383697,31.377192,0.001576,3199256,254801.081694
IA,2022-Q3,101.452184,31.706849,0.001589,3199693,255342.200499
IA,2022-Q4,110.217632,34.426505,0.001745,3201534,252683.660284
IA,2023-Q1,123.265085,38.479737,0.001971,3203376,250175.692259
IA,2023-Q2,109.904231,34.289569,0.001760,3205179,249848.668285
IA,2023-Q3,88.015858,27.444886,0.001382,3207004,254711.679457
IA,2023-Q4,134.816699,41.925342,0.002091,3215637,257930.159999
IA,2024-Q1,162.464963,50.387761,0.002518,3224294,258132.491379
IA,2024-Q2,136.518081,42.228013,0.002100,3232879,260089.929837
IA,2024-Q3,103.843569,32.035772,0.001596,3241488,260256.970860
IA,2024-Q4,273.944953,84.532489,0.004219,3240706,259729.968198
IA,2025-Q1,133.883157,41.322926,0.002068,3239924,258925.348062
IA,2025-Q2,140.318056,43.319275,0.002148,3239159,261256.864303
IA,2025-Q3,147.592366,45.575889,0.002232,3238387,264458.876013
IA,2025-Q4,146.872880,45.364657,0.002211,3237605,265654.042764
IA,2026-Q1,145.880868,45.069126,0.002197,3236824,265597.578193
IA,2026-Q2,147.644522,45.624764,0.002224,3236061,265541.125624
ID,2022-Q1,5.923231,3.082077,0.000204,1921830,115946.681801
ID,2022-Q2,7.658843,3.967599,0.000263,1930346,116701.710068
ID,2022-Q3,6.720762,3.466104,0.000228,1938996,117766.872194
ID,2022-Q4,11.121368,5.716606,0.000373,1945449,119312.003389
ID,2023-Q1,10.176824,5.213739,0.000340,1951924,119787.357371
ID,2023-Q2,12.213848,6.237030,0.000409,1958279,119352.616156
ID,2023-Q3,13.761715,7.004394,0.000455,1964726,121008.509444
ID,2023-Q4,11.774312,5.964893,0.000385,1973935,122203.817029
ID,2024-Q1,10.452489,5.270550,0.000340,1983187,122881.311830
ID,2024-Q2,14.330380,7.192587,0.000457,1992381,125548.832233
ID,2024-Q3,40.471039,20.219152,0.001272,2001619,127297.950282
ID,2024-Q4,81.929409,40.787922,0.002554,2008668,128294.809118
ID,2025-Q1,111.316908,55.223773,0.003503,2015742,127107.808690
ID,2025-Q2,116.515068,57.604101,0.003638,2022687,128111.128647
ID,2025-Q3,54.735676,26.966934,0.001693,2029733,129351.664087
ID,2025-Q4,9.209340,4.521294,0.000284,2036881,129577.803360
ID,2026-Q1,8.464396,4.140983,0.000261,2044054,129759.637796
ID,2026-Q2,8.965480,4.371066,0.000276,2051096,129941.727397
IL,2022-Q1,85.994955,6.805622,0.000316,12635869,1087552.152208
IL,2022-Q2,83.029689,6.584792,0.000307,12609311,1082154.896761
IL,2022-Q3,167.432743,13.306779,0.000619,12582515,1082735.024026
IL,2022-Q4,112.409854,8.939699,0.000412,12574232,1090753.211580
IL,2023-Q1,268.632296,21.377784,0.000984,12565956,1092255.326820
IL,2023-Q2,246.728163,19.647302,0.000900,12557864,1096243.701766
IL,2023-Q3,128.318743,10.224854,0.000465,12549689,1103288.104268
IL,2023-Q4,326.758760,25.954176,0.001176,12589833,1111389.167146
IL,2024-Q1,524.761931,41.548494,0.001890,12630107,1110570.773326
IL,2024-Q2,565.566466,44.637993,0.002023,12670069,1118039.911861
IL,2024-Q3,596.292571,46.914647,0.002126,12710158,1122059.365054
IL,2024-Q4,1330.474772,104.659428,0.004739,12712421,1122970.993613
IL,2025-Q1,632.827446,49.771380,0.002260,12714685,1119904.606641
IL,2025-Q2,525.604907,41.331211,0.001856,12716900,1133071.423672
IL,2025-Q3,542.178952,42.627010,0.001894,12719141,1145005.470264
IL,2025-Q4,575.980530,45.276483,0.002007,12721406,1148082.216651
IL,2026-Q1,581.203665,45.678926,0.002022,12723671,1149532.534813
IL,2026-Q2,585.206475,45.985510,0.002034,12725888,1150984.685094
IN,2022-Q1,39.371333,5.770295,0.000324,6823105,486568.052863
IN,2022-Q2,29.591716,4.334091,0.000242,6827662,488613.481790
IN,2022-Q3,26.275465,3.845786,0.000215,6832274,489425.441646
IN,2022-Q4,69.427506,10.150510,0.000568,6839804,488600.170973
IN,2023-Q1,126.004833,18.402004,0.001029,6847343,489953.437399
IN,2023-Q2,298.936572,43.610288,0.002428,6854726,492469.181870
IN,2023-Q3,70.983778,10.344174,0.000568,6862199,500020.852224
IN,2023-Q4,67.359838,9.793877,0.000534,6877750,504954.728507
IN,2024-Q1,157.010645,22.777162,0.001236,6893336,508286.869773
IN,2024-Q2,214.383789,31.030591,0.001685,6908788,508854.797978
IN,2024-Q3,82.184994,11.869112,0.000641,6924275,512941.218892
IN,2024-Q4,124.615430,17.964895,0.000968,6936607,515070.949662
IN,2025-Q1,543.766927,78.251529,0.004199,6948962,518008.203348
IN,2025-Q2,466.793787,67.057767,0.003577,6961069,521939.331393
IN,2025-Q3,304.472201,43.662364,0.002304,6973333,528501.564327
IN,2025-Q4,365.649959,52.342239,0.002767,6985753,528497.127388
IN,2026-Q1,358.458674,51.221588,0.002698,6998195,531407.759439
IN,2026-Q2,312.570196,44.586716,0.002340,7010388,534334.421434
KS,2022-Q1,59.483261,20.250821,0.001074,2937325,221437.038276
KS,2022-Q2,56.258598,19.154976,0.001025,2937022,219584.989244
KS,2022-Q3,43.003762,14.643487,0.000772,2936716,222957.253215
KS,2022-Q4,56.994165,19.401074,0.001022,2937680,222994.584551
KS,2023-Q1,66.567443,22.652419,0.001186,2938646,224597.758013
KS,2023-Q2,58.927504,20.046160,0.001054,2939590,223581.516103
KS,2023-Q3,53.124532,18.066213,0.000943,2940546,225390.011911
KS,2023-Q4,74.835175,25.384435,0.001325,2948073,225835.913973
KS,2024-Q1,91.065887,30.811095,0.001626,2955619,224019.122313
KS,2024-Q2,94.286541,31.820198,0.001658,2963103,227439.087436
KS,2024-Q3,87.724986,29.531007,0.001546,2970606,226899.857034
KS,2024-Q4,91.709866,30.855142,0.001611,2972271,227692.110932
KS,2025-Q1,108.293564,36.414193,0.001915,2973938,226198.857513
KS,2025-Q2,108.655666,36.515921,0.001890,2975569,229907.103503
KS,2025-Q3,162.773595,54.673015,0.002788,2977220,233551.056639
KS,2025-Q4,200.367469,67.262473,0.003424,2978889,234077.843262
KS,2026-Q1,237.627289,79.725725,0.004051,2980559,234641.961220
KS,2026-Q2,288.818816,96.847740,0.004912,2982194,235207.438679
KY,2022-Q1,5.227109,1.159108,0.000077,4509597,271279.185975
KY,2022-Q2,8.205538,1.819178,0.000119,4510574,275120.990756
KY,2022-Q3,7.944208,1.760855,0.000115,4511563,276564.208425
KY,2022-Q4,19.605053,4.341977,0.000281,4515236,278652.808642
KY,2023-Q1,39.901247,8.829834,0.000568,4518912,280972.628593
KY,2023-Q2,45.747045,10.115406,0.000651,4522511,281247.043220
KY,2023-Q3,57.228348,12.643924,0.000803,4526154,284982.131201
KY,2023-Q4,41.547173,9.147907,0.000581,4541713,285868.896987
KY,2024-Q1,44.657485,9.799053,0.000624,4557326,286194.129138
KY,2024-Q2,58.670369,12.830229,0.000815,4572823,287855.862158
KY,2024-Q3,149.876257,32.664365,0.002070,4588372,289652.261615
KY,2024-Q4,173.315113,37.734407,0.002395,4593025,289461.695902
KY,2025-Q1,189.942406,41.312621,0.002647,4597684,287050.404409
KY,2025-Q2,67.003110,14.558783,0.000923,4602246,290317.971174
KY,2025-Q3,210.520373,45.697111,0.002865,4606864,293943.801479
KY,2025-Q4,101.678889,22.048808,0.001387,4611536,293219.651769
KY,2026-Q1,154.740650,33.521115,0.002102,4616214,294530.743876
KY,2026-Q2,213.777014,46.264124,0.002890,4620794,295847.698355
LA,2022-Q1,2.958291,0.642083,0.000039,4607333,306514.674367
LA,2022-Q2,5.292541,1.151123,0.000069,4597721,305644.512055
LA,2022-Q3,4.436865,0.967054,0.000058,4588023,306229.726850
LA,2022-Q4,30.092442,6.564066,0.000390,4584420,308279.510606
LA,2023-Q1,40.876186,8.923330,0.000523,4580821,312578.234984
LA,2023-Q2,34.634391,7.566549,0.000441,4577303,314352.263078
LA,2023-Q3,42.287376,9.245671,0.000529,4573749,319793.841479
LA,2023-Q4,28.587248,6.242074,0.000351,4579767,325452.960458
LA,2024-Q1,64.669943,14.102234,0.000796,4585794,325088.350194
LA,2024-Q2,71.445247,15.559436,0.000870,4591763,328618.022670
LA,2024-Q3,77.514485,16.859258,0.000940,4597740,329855.859199
LA,2024-Q4,92.269632,20.046040,0.001118,4602885,330042.760258
LA,2025-Q1,100.217651,21.748447,0.001222,4608037,328152.301996
LA,2025-Q2,77.885216,16.883552,0.000940,4613082,331393.963003
LA,2025-Q3,88.544876,19.173073,0.001060,4618189,334264.885842
LA,2025-Q4,98.967668,21.406016,0.001184,4623357,334467.106661
LA,2026-Q1,122.277624,26.418230,0.001452,4628531,336906.012296
LA,2026-Q2,156.143414,33.698082,0.001840,4633599,339362.702223
MA,2022-Q1,212.939442,30.475184,0.001177,6987306,723848.974003
MA,2022-Q2,59.096620,8.460461,0.000325,6985035,726591.259992
MA,2022-Q3,74.572609,10.679563,0.000411,6982740,725331.462716
MA,2022-Q4,112.593264,16.113668,0.000608,6987438,740569.919661
MA,2023-Q1,74.224846,10.615469,0.000406,6992139,731318.681081
MA,2023-Q2,90.573998,12.945167,0.000493,6996742,734156.406258
MA,2023-Q3,99.742629,14.246100,0.000539,7001399,739730.054810
MA,2023-Q4,90.203975,12.822108,0.000483,7035034,746264.457851
MA,2024-Q1,218.399656,30.896145,0.001168,7068832,748160.516377
MA,2024-Q2,162.982463,22.947449,0.000863,7102421,755744.750480
MA,2024-Q3,113.354823,15.884544,0.000597,7136171,759536.867532
MA,2024-Q4,143.655290,20.117867,0.000761,7140681,755242.104092
MA,2025-Q1,93.501745,13.085960,0.000490,7145195,763055.392246
MA,2025-Q2,169.008809,23.638872,0.000876,7149613,771504.941650
MA,2025-Q3,112.702433,15.753580,0.000580,7154084,777829.378477
MA,2025-Q4,41.026118,5.731020,0.000210,7158606,780183.545104
MA,2026-Q1,17.791447,2.483753,0.000091,7163131,784821.889618
MA,2026-Q2,961.760613,134.182419,0.004873,7167560,789487.810003
MD,2022-Q1,24.201368,3.922766,0.000192,6169465,503328.038846
MD,2022-Q2,34.130291,5.534578,0.000270,6166737,504816.146796
MD,2022-Q3,26.232088,4.255706,0.000207,6163981,506377.681126
MD,2022-Q4,84.198015,13.650607,0.000664,6168078,506979.777435
MD,2023-Q1,68.074945,11.029322,0.000534,6172178,510171.377382
MD,2023-Q2,78.421958,12.697461,0.000614,6176192,511169.976138
MD,2023-Q3,87.137404,14.099326,0.000672,6180253,518586.040432
MD,2023-Q4,90.029506,14.518537,0.000692,6201004,520216.106049
MD,2024-Q1,111.873552,17.980826,0.000849,6221824,526941.962378
MD,2024-Q2,105.319548,16.871405,0.000799,6242488,527377.625561
MD,2024-Q3,118.192912,18.870950,0.000887,6263220,533002.086203
MD,2024-Q4,127.823778,20.406890,0.000957,6263756,534284.600292
MD,2025-Q1,86.535730,13.814127,0.000651,6264292,531416.076414
MD,2025-Q2,93.512839,14.926668,0.000701,6264816,533251.735893
MD,2025-Q3,90.364871,14.422964,0.000672,6265347,538239.834582
MD,2025-Q4,154.695453,24.688531,0.001159,6265883,533721.664719
MD,2026-Q1,30.486285,4.865025,0.000228,6266419,535665.016220
MD,2026-Q2,31.278851,4.991085,0.000233,6266944,537615.443723
ME,2022-Q1,48.204921,34.827734,0.002137,1384095,90237.303449
ME,2022-Q2,48.410603,34.910655,0.002142,1386699,90415.621039
ME,2022-Q3,43.233622,31.118145,0.001924,1389338,89866.590565
ME,2022-Q4,45.230991,32.518189,0.001980,1390944,91397.149877
ME,2023-Q1,38.867192,27.910754,0.001682,1392552,92411.526692
ME,2023-Q2,62.267387,44.664051,0.002678,1394127,93012.957510
ME,2023-Q3,49.182533,35.238058,0.002081,1395722,94533.349591
ME,2023-Q4,64.736621,46.304893,0.002725,1398051,95017.466206
ME,2024-Q1,58.317445,41.643875,0.002426,1400384,96150.721414
ME,2024-Q2,32.468785,23.147407,0.001353,1402696,95974.750108
ME,2024-Q3,92.543474,65.866679,0.003830,1405012,96652.044112
ME,2024-Q4,150.183692,106.703108,0.006171,1407491,97343.415819
ME,2025-Q1,14.771763,10.476614,0.000614,1409974,96205.468043
ME,2025-Q2,13.220229,9.360058,0.000546,1412408,96771.704599
ME,2025-Q3,14.331898,10.129452,0.000587,1414874,97675.023969
ME,2025-Q4,90.185355,63.628631,0.003694,1417370,97664.074643
ME,2026-Q1,2.942042,2.072048,0.000120,1419871,97991.772319
ME,2026-Q2,3.036873,2.135150,0.000124,1422322,98320.569537
MI,2022-Q1,74.121217,7.385770,0.000452,10035678,655588.144462
MI,2022-Q2,47.102442,4.694056,0.000288,10034486,655323.374804
MI,2022-Q3,39.943837,3.981134,0.000242,10033281,658987.047973
MI,2022-Q4,152.267121,15.174687,0.000920,10034284,662305.904843
MI,2023-Q1,138.350188,13.786371,0.000828,10035287,668475.653608
MI,2023-Q2,242.647501,24.177063,0.001441,10036268,673383.128424
MI,2023-Q3,150.439818,14.988135,0.000884,10037261,680802.836270
MI,2023-Q4,265.064282,26.340216,0.001556,10063102,681461.681697
MI,2024-Q1,234.383246,23.231541,0.001380,10089010,679411.256210
MI,2024-Q2,239.469508,23.675390,0.001393,10114701,687539.068954
MI,2024-Q3,274.254500,27.045571,0.001599,10140459,686030.497649
MI,2024-Q4,407.169769,40.165552,0.002366,10137287,688308.748191
MI,2025-Q1,489.818890,48.333648,0.002865,10134117,683918.497822
MI,2025-Q2,366.050838,36.131695,0.002122,10131017,690002.042513
MI,2025-Q3,414.714937,40.947836,0.002374,10127884,698659.394572
MI,2025-Q4,297.522089,29.385719,0.001697,10124716,701313.248582
MI,2026-Q1,314.772461,31.099233,0.001794,10121550,701941.306839
MI,2026-Q2,360.491473,35.627128,0.002052,10118454,702569.927552
MN,2022-Q1,28.107583,4.917250,0.000238,5716118,472818.488230
MN,2022-Q2,31.209929,5.460850,0.000261,5715214,478173.589249
MN,2022-Q3,27.889171,4.880593,0.000231,5714300,482464.704679
MN,2022-Q4,45.448431,7.945192,0.000379,5720243,479879.483498
MN,2023-Q1,48.027915,8.387409,0.000401,5726192,479646.461861
MN,2023-Q2,55.547356,9.690715,0.000463,5732018,480050.952250
MN,2023-Q3,108.711443,18.946158,0.000899,5737915,483950.767195
MN,2023-Q4,88.500649,15.386735,0.000724,5751749,489239.918694
MN,2024-Q1,87.441351,15.165999,0.000715,5765617,488962.930710
MN,2024-Q2,91.762766,15.877647,0.000745,5779367,492625.327384
MN,2024-Q3,87.768299,15.150356,0.000704,5793151,498947.688029
MN,2024-Q4,277.147406,47.763295,0.002222,5802518,498899.325047
MN,2025-Q1,94.309585,16.226977,0.000758,5811901,497545.161571
MN,2025-Q2,92.533097,15.896168,0.000738,5821094,501677.998154
MN,2025-Q3,128.311674,22.007335,0.001016,5830405,505037.027036
MN,2025-Q4,73.750164,12.628814,0.000581,5839832,507806.906874
MN,2026-Q1,68.169903,11.654418,0.000537,5849275,508141.051108
MN,2026-Q2,103.752925,17.709725,0.000816,5858528,508475.415214
MO,2022-Q1,40.101129,6.495364,0.000388,6173807,413544.434713
MO,2022-Q2,29.223061,4.732113,0.000281,6175478,415849.664865
MO,2022-Q3,25.222943,4.083254,0.000241,6177168,418139.501159
MO,2022-Q4,57.514761,9.303662,0.000548,6181948,420194.581127
MO,2023-Q1,71.199255,11.508377,0.000672,6186732,423708.229088
MO,2023-Q2,76.547211,12.363441,0.000717,6191416,427148.756225
MO,2023-Q3,80.527749,12.996404,0.000748,6196156,430612.374149
MO,2023-Q4,66.745068,10.750570,0.000615,6208514,434079.840537
MO,2024-Q1,83.041500,13.348799,0.000766,6220896,433618.024814
MO,2024-Q2,91.104502,14.616080,0.000837,6233169,435388.318420
MO,2024-Q3,93.712526,15.004889,0.000855,6245466,438478.635301
MO,2024-Q4,91.501987,14.636157,0.000832,6251776,439775.567790
MO,2025-Q1,92.866103,14.839359,0.000849,6258093,437377.974494
MO,2025-Q2,109.787812,17.526006,0.000996,6264280,440783.865452
MO,2025-Q3,85.827435,13.687405,0.000770,6270541,445636.779010
MO,2025-Q4,57.098388,9.096623,0.000512,6276877,446502.683491
MO,2026-Q1,50.978232,8.113393,0.000456,6283219,447214.649398
MO,2026-Q2,52.161371,8.293497,0.000466,6289430,447927.750561
MS,2022-Q1,1.749294,0.594148,0.000048,2944206,146258.459835
MS,2022-Q2,2.472078,0.840391,0.000068,2941580,145594.042854
MS,2022-Q3,40.864709,13.904631,0.001116,2938928,146520.030310
MS,2022-Q4,3.669163,1.248388,0.000099,2939120,148627.980607
MS,2023-Q1,20.609952,7.011829,0.000551,2939312,149534.385247
MS,2023-Q2,22.770363,7.746339,0.000605,2939500,150442.188660
MS,2023-Q3,25.308864,8.609365,0.000666,2939690,152094.139092
MS,2023-Q4,17.954591,6.105897,0.000466,2940532,153976.887001
MS,2024-Q1,41.750281,14.194132,0.001082,2941376,154344.764193
MS,2024-Q2,267.507678,90.920646,0.006861,2942210,155950.555130
MS,2024-Q3,49.352091,16.769058,0.001253,2943045,157606.701879
MS,2024-Q4,48.513095,16.468325,0.001226,2945842,158262.726225
MS,2025-Q1,80.385687,27.261926,0.002029,2948642,158485.131068
MS,2025-Q2,47.544070,16.109071,0.001203,2951384,158145.229328
MS,2025-Q3,45.120298,15.273478,0.001128,2954160,160019.584602
MS,2025-Q4,35.031562,11.847122,0.000879,2956968,159343.977440
MS,2026-Q1,58.620078,19.805559,0.001463,2959779,160325.915800
MS,2026-Q2,24.875528,8.396714,0.000617,2962531,161313.905238
MT,2022-Q1,5.905125,5.297695,0.000331,1114659,71262.880110
MT,2022-Q2,5.157446,4.610056,0.000291,1118738,70925.592206
MT,2022-Q3,6.597361,5.875403,0.000373,1122878,70821.811313
MT,2022-Q4,50.858984,45.192975,0.002846,1125373,71487.738712
MT,2023-Q1,58.371943,51.753917,0.003178,1127874,73464.517633
MT,2023-Q2,15.819491,13.995498,0.000852,1130327,74256.464688
MT,2023-Q3,19.782001,17.462739,0.001052,1132812,75249.796096
MT,2023-Q4,25.085040,22.122374,0.001324,1133921,75790.321582
MT,2024-Q1,26.802995,23.614299,0.001412,1135032,75918.194469
MT,2024-Q2,28.708895,25.268974,0.001495,1136132,76802.803036
MT,2024-Q3,32.664484,28.722772,0.001684,1137233,77565.716151
MT,2024-Q4,46.987178,41.249063,0.002389,1139108,78675.183321
MT,2025-Q1,18.258171,16.002070,0.000938,1140988,77872.734627
MT,2025-Q2,54.017984,47.266888,0.002751,1142829,78554.105612
MT,2025-Q3,60.175843,52.569370,0.003026,1144694,79543.112816
MT,2025-Q4,18.788253,16.386310,0.000942,1146582,79791.445668
MT,2026-Q1,14.463103,12.593325,0.000723,1148473,80001.478428
MT,2026-Q2,14.546695,12.645704,0.000725,1150327,80212.064052
NC,2022-Q1,81.918899,7.705034,0.000429,10631866,763656.021225
NC,2022-Q2,46.806106,4.389297,0.000246,10663690,761628.364644
NC,2022-Q3,52.345310,4.893931,0.000273,10695965,766291.974779
NC,2022-Q4,41.569386,3.873780,0.000214,10730962,777119.660917
NC,2023-Q1,220.678425,20.497574,0.001122,10766075,786872.689068
NC,2023-Q2,159.631323,14.779945,0.000812,10800535,786176.526975
NC,2023-Q3,194.486006,17.948979,0.000974,10835491,798984.557706
NC,2023-Q4,236.828273,21.751248,0.001173,10888031,807318.226251
NC,2024-Q1,205.744464,18.805203,0.001017,10940826,809372.918252
NC,2024-Q2,240.821485,21.906206,0.001179,10993299,817240.225783
NC,2024-Q3,251.487308,22.767224,0.001218,11046024,825621.206315
NC,2024-Q4,351.972769,31.754668,0.001693,11084126,831372.992147
NC,2025-Q1,225.317157,20.258033,0.001084,11122360,831467.616121
NC,2025-Q2,246.503291,22.088323,0.001175,11159891,839105.122573
NC,2025-Q3,268.058396,23.938128,0.001261,11197968,850514.070264
NC,2025-Q4,323.718024,28.809264,0.001518,11236594,852805.322199
NC,2026-Q1,312.925015,27.753008,0.001456,11275355,859597.971743
NC,2026-Q2,322.206657,28.480086,0.001487,11313401,866444.725180
ND,2022-Q1,29.144146,37.438655,0.001652,778450,70551.331988
ND,2022-Q2,27.970838,35.920836,0.001585,778680,70584.652385
ND,2022-Q3,23.757225,30.500525,0.001328,778912,71567.249617
ND,2022-Q4,32.662309,41.865482,0.001780,780172,73386.401491
ND,2023-Q1,55.193992,70.631531,0.002939,781435,75131.823125
ND,2023-Q2,35.366881,45.187307,0.001823,782672,77607.457709
ND,2023-Q3,38.149619,48.664822,0.001936,783926,78841.730278
ND,2023-Q4,40.253201,51.142142,0.002012,787084,80011.488888
ND,2024-Q1,38.403050,48.595692,0.001936,790256,79361.386679
ND,2024-Q2,44.806586,56.473727,0.002248,793405,79712.314262
ND,2024-Q3,47.385782,59.487429,0.002388,796568,79363.513513
ND,2024-Q4,65.590303,82.268588,0.003303,797270,79433.699029
ND,2025-Q1,68.585333,85.949414,0.003498,797973,78420.617179
ND,2025-Q2,48.807906,61.112131,0.002446,798661,79815.820175
ND,2025-Q3,50.395017,63.044364,0.002523,799358,79898.766695
ND,2025-Q4,44.897124,56.117001,0.002227,800062,80657.337429
ND,2026-Q1,49.574574,61.908772,0.002458,800768,80669.389488
ND,2026-Q2,51.004482,63.639553,0.002529,801458,80681.443347
NE,2022-Q1,34.682769,17.639750,0.000798,1966171,173843.760948
NE,2022-Q2,34.543575,17.560570,0.000795,1967110,173742.188828
NE,2022-Q3,27.322409,13.882915,0.000621,1968060,176121.438786
NE,2022-Q4,163.005846,82.716546,0.003724,1970655,175102.639645
NE,2023-Q1,45.024920,22.817586,0.000986,1973255,182663.606682
NE,2023-Q2,41.247914,20.876550,0.000902,1975801,182866.750922
NE,2023-Q3,31.748811,16.047891,0.000690,1978379,183962.498638
NE,2023-Q4,46.209074,23.277338,0.000996,1985152,185630.743757
NE,2024-Q1,53.765035,26.991157,0.001170,1991949,183847.075775
NE,2024-Q2,86.780160,43.418388,0.001870,1998696,185606.120213
NE,2024-Q3,44.742892,22.310482,0.000967,2005465,185082.869899
NE,2024-Q4,45.319158,22.562351,0.000978,2008618,185364.501686
NE,2025-Q1,58.116690,28.888233,0.001259,2011777,184584.243129
NE,2025-Q2,58.441562,29.005099,0.001251,2014872,186926.557770
NE,2025-Q3,59.493325,29.481243,0.001258,2018006,189225.781209
NE,2025-Q4,52.196815,25.824930,0.001101,2021179,189701.323406
NE,2026-Q1,49.022614,24.216379,0.001036,2024357,189268.872411
NE,2026-Q2,49.447340,24.388669,0.001047,2027471,188837.407250
NH,2022-Q1,7.775561,5.580744,0.000282,1393283,110328.569497
NH,2022-Q2,7.999641,5.729890,0.000286,1396124,112014.883316
NH,2022-Q3,10.583647,7.565135,0.000376,1399003,112739.006308
NH,2022-Q4,9.753186,6.967699,0.000345,1399771,113127.850436
NH,2023-Q1,10.644932,7.600590,0.000376,1400540,113257.795795
NH,2023-Q2,12.584307,8.980498,0.000442,1401292,113918.434032
NH,2023-Q3,12.442951,8.874802,0.000434,1402054,114776.470181
NH,2023-Q4,18.402432,13.108968,0.000636,1403804,115758.499993
NH,2024-Q1,27.592849,19.631245,0.000957,1405557,115377.591460
NH,2024-Q2,25.724168,18.279174,0.000887,1407293,115995.575877
NH,2024-Q3,28.575250,20.280058,0.000984,1409032,116128.497083
NH,2024-Q4,29.795112,21.122000,0.001023,1410619,116466.751796
NH,2025-Q1,35.629356,25.229514,0.001218,1412209,117038.114596
NH,2025-Q2,27.997205,19.803278,0.000952,1413766,117615.429092
NH,2025-Q3,29.940377,21.154164,0.001005,1415342,119187.668740
NH,2025-Q4,22.424515,15.826050,0.000750,1416936,119650.909065
NH,2026-Q1,17.561060,12.379727,0.000584,1418533,120187.553639
NH,2026-Q2,17.722425,12.479725,0.000587,1420097,120726.605110
NJ,2022-Q1,51.930831,5.605078,0.000265,9264960,783111.261014
NJ,2022-Q2,90.091983,9.726110,0.000457,9262900,788689.867484
NJ,2022-Q3,86.328661,9.321927,0.000436,9260817,792543.131746
NJ,2022-Q4,87.506161,9.441370,0.000440,9268375,795943.493679
NJ,2023-Q1,106.431818,11.473965,0.000533,9275940,798538.695916
NJ,2023-Q2,143.599093,15.468462,0.000718,9283346,800522.839454
NJ,2023-Q3,148.948046,16.031708,0.000734,9290841,811450.006766
NJ,2023-Q4,158.146883,16.926434,0.000774,9343189,817064.557864
NJ,2024-Q1,247.968105,26.391285,0.001214,9395833,816978.290754
NJ,2024-Q2,255.713412,27.064787,0.001245,9448196,821492.936196
NJ,2024-Q3,280.760729,29.551114,0.001359,9500851,826165.738007
NJ,2024-Q4,292.950123,30.795469,0.001413,9512767,829106.008685
NJ,2025-Q1,226.198339,23.748610,0.001090,9524698,830033.380121
NJ,2025-Q2,229.742670,24.091171,0.001100,9536384,835762.954034
NJ,2025-Q3,290.391074,30.413127,0.001378,9548215,842836.857083
NJ,2025-Q4,129.051665,13.498859,0.000611,9560190,844684.411029
NJ,2026-Q1,109.209928,11.409096,0.000516,9572181,846445.697866
NJ,2026-Q2,110.227340,11.501273,0.000520,9583925,848210.657235
NM,2022-Q1,52.075677,24.619765,0.001673,2115198,124527.162347
NM,2022-Q2,70.985802,33.573478,0.002290,2114341,123981.516883
NM,2022-Q3,34.811673,16.471288,0.001094,2113476,127262.181930
NM,2022-Q4,58.621202,27.733907,0.001797,2113701,130497.565196
NM,2023-Q1,65.028054,30.761729,0.001945,2113927,133702.383259
NM,2023-Q2,105.594956,49.946818,0.003054,2114147,138288.295649
NM,2023-Q3,174.503328,82.532028,0.004997,2114371,139677.314287
NM,2023-Q4,51.688005,24.400093,0.001452,2118352,142436.106805
NM,2024-Q1,215.410898,101.496787,0.006067,2122342,142010.458062
NM,2024-Q2,85.269117,40.102198,0.002364,2126295,144265.490765
NM,2024-Q3,47.211666,22.162438,0.001297,2130256,145559.417663
NM,2024-Q4,294.908028,138.515881,0.008053,2129055,146487.694177
NM,2025-Q1,79.833323,37.518196,0.002208,2127856,144646.989772
NM,2025-Q2,82.560560,38.821277,0.002251,2126683,146682.405836
NM,2025-Q3,135.147753,63.584041,0.003651,2125498,148078.216741
NM,2025-Q4,77.070275,36.280309,0.002087,2124300,147695.585690
NM,2026-Q1,73.801576,34.761177,0.001984,2123103,148812.913641
NM,2026-Q2,133.870708,63.089029,0.003571,2121933,149938.694259
NV,2022-Q1,139.760179,44.198315,0.002328,3162115,240140.402092
NV,2022-Q2,37.899474,11.956738,0.000617,3169716,245515.237361
NV,2022-Q3,84.418435,26.568225,0.001370,3177421,246456.964428
NV,2022-Q4,47.002155,14.772952,0.000758,3181635,247920.959344
NV,2023-Q1,315.549224,99.046909,0.005048,3185856,250049.098022
NV,2023-Q2,557.368482,174.724184,0.008860,3189990,251638.519469
NV,2023-Q3,444.329688,139.106201,0.006969,3194176,255039.429008
NV,2023-Q4,630.369999,196.227622,0.009809,3212442,257046.253500
NV,2024-Q1,1019.895241,315.677494,0.015757,3230813,258898.865045
NV,2024-Q2,583.358873,179.545378,0.008978,3249088,259918.726672
NV,2024-Q3,496.913970,152.079262,0.007584,3267467,262073.595594
NV,2024-Q4,532.555079,162.802567,0.008066,3271171,264092.757122
NV,2025-Q1,533.986849,163.055408,0.008133,3274879,262628.762206
NV,2025-Q2,764.113169,233.067091,0.011537,3278511,264923.450867
NV,2025-Q3,529.869146,161.437780,0.007920,3282188,267614.980847
NV,2025-Q4,625.443739,190.341165,0.009343,3285908,267773.306139
NV,2026-Q1,1171.533096,356.128692,0.017377,3289634,269669.097309
NV,2026-Q2,1176.289864,357.178560,0.017325,3293282,271578.310370
NY,2022-Q1,141.065763,7.137904,0.000259,19762909,2179276.427196
NY,2022-Q2,144.190284,7.312529,0.000267,19718251,2156793.555427
NY,2022-Q3,100.564769,5.111765,0.000186,19673200,2168203.069069
NY,2022-Q4,179.373394,9.129604,0.000331,19647444,2168361.259899
NY,2023-Q1,191.584637,9.763905,0.000354,19621722,2166977.090133
NY,2023-Q2,228.963817,11.683859,0.000422,19596592,2170239.776010
NY,2023-Q3,288.991006,14.766124,0.000526,19571216,2197389.277276
NY,2023-Q4,357.162747,18.180652,0.000651,19645210,2195589.856580
NY,2024-Q1,378.706678,19.204694,0.000687,19719485,2203894.875176
NY,2024-Q2,410.345541,20.731612,0.000734,19793228,2235888.970623
NY,2024-Q3,565.991264,28.488660,0.001004,19867248,2254476.393194
NY,2024-Q4,627.986156,31.555136,0.001110,19901234,2263157.115012
NY,2025-Q1,345.380997,17.325115,0.000607,19935278,2274625.950215
NY,2025-Q2,340.241459,17.038791,0.000593,19968639,2296970.405008
NY,2025-Q3,378.917905,18.943596,0.000653,20002427,2322577.545678
NY,2025-Q4,200.611473,10.012229,0.000345,20036644,2327145.305906
NY,2026-Q1,258.994411,12.903963,0.000444,20070920,2332345.829455
NY,2026-Q2,165.069977,8.210595,0.000282,20104507,2337557.974730
OH,2022-Q1,20.182309,1.715827,0.000093,11762438,866895.953796
OH,2022-Q2,23.224642,1.974704,0.000107,11761075,865975.820389
OH,2022-Q3,24.503277,2.083666,0.000113,11759697,866024.677030
OH,2022-Q4,38.358356,3.260017,0.000176,11766304,869387.642491
OH,2023-Q1,270.113316,22.943619,0.001236,11772916,874338.448787
OH,2023-Q2,500.826409,42.517184,0.002281,11779387,878132.981244
OH,2023-Q3,520.983767,44.203855,0.002345,11785935,888816.300094
OH,2023-Q4,843.892838,71.453760,0.003774,11810334,894540.669874
OH,2024-Q1,709.511777,59.951385,0.003181,11834785,892301.407158
OH,2024-Q2,863.521282,72.815569,0.003836,11859019,900370.895710
OH,2024-Q3,836.854942,70.422750,0.003699,11883304,904987.848292
OH,2024-Q4,1148.623749,96.623375,0.005060,11887638,908082.102227
OH,2025-Q1,961.403582,80.844739,0.004252,11891974,904474.853561
OH,2025-Q2,798.802165,67.147573,0.003499,11896217,913114.336259
OH,2025-Q3,805.798692,67.711274,0.003486,11900510,924563.075819
OH,2025-Q4,778.291784,65.376022,0.003364,11904850,925369.210396
OH,2026-Q1,749.210785,62.910289,0.003224,11909193,929416.168833
OH,2026-Q2,747.803496,62.769723,0.003204,11913442,933480.826013
OK,2022-Q1,65.214051,16.280954,0.001100,4005542,237205.620100
OK,2022-Q2,89.412291,22.284199,0.001515,4012362,236106.201000
OK,2022-Q3,71.417148,17.768682,0.001188,4019271,240494.358621
OK,2022-Q4,119.182635,29.588889,0.001937,4027952,246141.374908
OK,2023-Q1,151.353722,37.494860,0.002411,4036652,251062.584214
OK,2023-Q2,127.980144,31.637675,0.002009,4045181,254829.641434
OK,2023-Q3,153.569993,37.882748,0.002382,4053824,257889.929232
OK,2023-Q4,267.581652,65.838164,0.004117,4064233,259950.745121
OK,2024-Q1,192.357989,47.208248,0.002986,4074669,257701.933325
OK,2024-Q2,173.585378,42.493174,0.002680,4085017,259077.397048
OK,2024-Q3,132.053623,32.244432,0.002021,4095393,261316.690064
OK,2024-Q4,109.145663,26.605279,0.001668,4102406,261671.264622
OK,2025-Q1,185.698363,45.188334,0.002852,4109431,260467.138941
OK,2025-Q2,267.810985,65.060848,0.004076,4116315,262801.619757
OK,2025-Q3,186.337767,45.191548,0.002805,4123288,265745.302500
OK,2025-Q4,246.725282,59.734730,0.003704,4130348,266442.553141
OK,2026-Q1,160.098168,38.695150,0.002397,4137422,267208.814938
OK,2026-Q2,177.736901,42.886524,0.002653,4144353,267977.280427
OR,2022-Q1,46.914695,11.044357,0.000602,4247843,311535.639239
OR,2022-Q2,55.258584,13.021530,0.000715,4243632,309240.098990
OR,2022-Q3,24.221381,5.713427,0.000313,4239379,309633.698817
OR,2022-Q4,38.448459,9.072611,0.000495,4237860,310687.885766
OR,2023-Q1,60.703284,14.329172,0.000773,4236342,314285.333135
OR,2023-Q2,149.579233,35.320953,0.001915,4234858,312366.878035
OR,2023-Q3,72.346875,17.089714,0.000913,4233358,317018.512353
OR,2023-Q4,56.312798,13.271520,0.000713,4243130,315909.276477
OR,2024-Q1,68.973452,16.217881,0.000873,4252926,316057.908580
OR,2024-Q2,81.289536,19.070243,0.001014,4262637,320607.702383
OR,2024-Q3,78.127522,18.286690,0.000966,4272371,323409.692760
OR,2024-Q4,263.565209,61.686197,0.003239,4272677,325493.294641
OR,2025-Q1,54.060598,12.651722,0.000674,4272983,320789.363842
OR,2025-Q2,56.276385,13.169356,0.000696,4273283,323228.031301
OR,2025-Q3,182.030115,42.594232,0.002227,4273586,326963.100987
OR,2025-Q4,47.041601,11.006735,0.000575,4273892,327502.580470
OR,2026-Q1,13.987312,3.272499,0.000170,4274198,328361.343729
OR,2026-Q2,76.022403,17.785105,0.000924,4274498,329222.358800
PA,2022-Q1,30.635895,2.357938,0.000130,12992665,939712.516450
PA,2022-Q2,36.539568,2.814540,0.000155,12982430,944290.042237
PA,2022-Q3,34.068971,2.626328,0.000143,12972091,954552.559726
PA,2022-Q4,73.072610,5.634203,0.000303,12969466,963144.649458
PA,2023-Q1,109.961310,8.480191,0.000462,12966843,951830.039349
PA,2023-Q2,120.061881,9.260978,0.000500,12964277,959729.962884
PA,2023-Q3,117.653395,9.077015,0.000484,12961683,973333.335886
PA,2023-Q4,333.965363,25.707419,0.001362,12991010,980882.561881
PA,2024-Q1,239.627516,18.403998,0.000985,13020405,973268.733708
PA,2024-Q2,268.420660,20.569349,0.001095,13049545,980365.744454
PA,2024-Q3,283.725301,21.693608,0.001149,13078751,987453.526316
PA,2024-Q4,326.975749,25.009850,0.001321,13073878,989843.806919
PA,2025-Q1,264.604802,20.246739,0.001072,13069008,987084.371011
PA,2025-Q2,264.484506,20.244912,0.001061,13064245,996931.588782
PA,2025-Q3,318.658118,24.400611,0.001261,13059432,1010581.106198
PA,2025-Q4,202.488361,15.510921,0.000800,13054567,1012454.569372
PA,2026-Q1,181.010253,13.870832,0.000712,13049703,1016635.253205
PA,2026-Q2,206.998236,15.868076,0.000811,13044948,1020833.200151
RI,2022-Q1,13.212086,12.060849,0.000707,1095452,74724.406385
RI,2022-Q2,17.990940,16.435315,0.000941,1094651,76497.662504
RI,2022-Q3,8.177119,7.475594,0.000432,1093842,75758.324448
RI,2022-Q4,22.135404,20.226507,0.001176,1094375,75315.732428
RI,2023-Q1,10.245190,9.357105,0.000543,1094910,75504.176991
RI,2023-Q2,29.798836,27.202790,0.001578,1095433,75552.551649
RI,2023-Q3,13.887339,12.671369,0.000720,1095962,77146.749333
RI,2023-Q4,58.071651,52.790102,0.003015,1100048,77050.722027
RI,2024-Q1,11.682567,10.580603,0.000602,1104149,77576.345176
RI,2024-Q2,9.952302,8.980429,0.000513,1108221,77578.511206
RI,2024-Q3,55.391901,49.799067,0.002831,1112308,78255.756417
RI,2024-Q4,19.675989,17.680476,0.001004,1112865,78427.594755
RI,2025-Q1,9.978449,8.961956,0.000509,1113423,78365.501910
RI,2025-Q2,10.662666,9.571781,0.000544,1113968,78464.417256
RI,2025-Q3,13.578959,12.183672,0.000685,1114521,79313.500805
RI,2025-Q4,4.735234,4.246544,0.000239,1115079,79237.689774
RI,2026-Q1,1.606643,1.440111,0.000081,1115638,79530.825761
RI,2026-Q2,1.679520,1.504696,0.000084,1116185,79825.046190
SC,2022-Q1,13.090722,2.498907,0.000166,5238578,315493.907644
SC,2022-Q2,38.845492,7.384236,0.000486,5260597,319725.003218
SC,2022-Q3,22.525043,4.263720,0.000279,5282955,322548.548701
SC,2022-Q4,51.189375,9.648094,0.000627,5305646,326816.240578
SC,2023-Q1,108.816212,20.421797,0.001326,5328434,328147.782964
SC,2023-Q2,77.393787,14.463904,0.000940,5350822,329313.234440
SC,2023-Q3,82.139689,15.285912,0.000980,5373555,335267.171325
SC,2023-Q4,61.922880,11.467570,0.000731,5399825,339059.111271
SC,2024-Q1,162.255509,29.902096,0.001896,5426225,342327.442583
SC,2024-Q2,178.749046,32.783164,0.002068,5452464,345784.385607
SC,2024-Q3,192.205548,35.081489,0.002202,5478831,349173.766227
SC,2024-Q4,250.600615,45.549362,0.002827,5501737,354550.607575
SC,2025-Q1,228.772841,41.408804,0.002579,5524739,354773.000489
SC,2025-Q2,224.416843,40.454900,0.002509,5547334,357759.821783
SC,2025-Q3,226.166214,40.602350,0.002503,5570274,361495.459725
SC,2025-Q4,196.707555,35.166775,0.002176,5593562,361565.837230
SC,2026-Q1,175.278722,31.205329,0.001924,5616948,364448.499816
SC,2026-Q2,230.995758,40.957273,0.002515,5639920,367354.145060
SD,2022-Q1,35.408555,39.207170,0.001954,903114,72482.708608
SD,2022-Q2,30.033647,33.132654,0.001665,906466,72136.334983
SD,2022-Q3,25.934470,28.503520,0.001444,909869,71835.607495
SD,2022-Q4,32.899031,36.063950,0.001853,912241,70999.209168
SD,2023-Q1,42.990533,47.003703,0.002329,914620,73835.311039
SD,2023-Q2,38.947410,42.474813,0.002114,916953,73676.892094
SD,2023-Q3,66.917810,72.790711,0.003577,919318,74840.197311
SD,2023-Q4,42.962079,46.664428,0.002277,920660,75482.599557
SD,2024-Q1,38.449648,41.702247,0.002059,922004,74700.573834
SD,2024-Q2,39.807087,43.112260,0.002117,923335,75229.532005
SD,2024-Q3,34.361367,37.160721,0.001831,924669,75082.524595
SD,2024-Q4,41.428146,44.676789,0.002202,927285,75242.957340
SD,2025-Q1,51.092733,54.943755,0.002737,929909,74659.626564
SD,2025-Q2,49.224410,52.788481,0.002604,932483,75615.510366
SD,2025-Q3,49.600144,53.042950,0.002584,935094,76776.801783
SD,2025-Q4,46.763086,49.867850,0.002418,937740,77350.734824
SD,2026-Q1,45.997589,48.913112,0.002389,940393,77029.869335
SD,2026-Q2,46.374363,49.177633,0.002418,942997,76710.334856
TN,2022-Q1,58.989373,8.419160,0.000462,7006563,511065.974943
TN,2022-Q2,9.327098,1.327206,0.000073,7027620,512013.846655
TN,2022-Q3,9.545691,1.354195,0.000074,7048976,515814.150915
TN,2022-Q4,63.275280,8.951811,0.000484,7068433,522458.070311
TN,2023-Q1,123.529433,17.428102,0.000940,7087945,525777.825656
TN,2023-Q2,85.393135,12.015213,0.000649,7107084,526514.079498
TN,2023-Q3,95.996771,13.470416,0.000720,7126489,533541.556284
TN,2023-Q4,78.489835,10.974824,0.000582,7151808,539153.838561
TN,2024-Q1,187.316936,26.098824,0.001391,7177217,538611.567768
TN,2024-Q2,486.161485,67.499559,0.003566,7202439,545396.565744
TN,2024-Q3,496.176430,68.648809,0.003609,7227750,549862.584556
TN,2024-Q4,506.745338,69.899166,0.003684,7249662,550277.002885
TN,2025-Q1,500.388129,68.813648,0.003634,7271640,550753.143094
TN,2025-Q2,486.921573,66.763721,0.003509,7293206,555016.361446
TN,2025-Q3,478.628959,65.430483,0.003409,7315076,561541.245790
TN,2025-Q4,434.620070,59.234713,0.003092,7337252,562273.090926
TN,2026-Q1,418.467401,56.860869,0.002968,7359497,563996.894830
TN,2026-Q2,580.371494,78.627029,0.004104,7381322,565725.983533
TX,2022-Q1,257.799274,8.651978,0.000429,29796571,2404879.327225
TX,2022-Q2,652.753344,21.822211,0.001086,29912337,2404611.905845
TX,2022-Q3,808.169573,26.912210,0.001324,30029848,2442215.466027
TX,2022-Q4,1665.413714,55.240375,0.002669,30148486,2495926.021626
TX,2023-Q1,834.537069,27.571965,0.001295,30267594,2577654.109482
TX,2023-Q2,1285.066100,42.293381,0.001965,30384568,2616368.496934
TX,2023-Q3,1581.343640,51.841722,0.002379,30503301,2658703.358452
TX,2023-Q4,1724.286354,56.166824,0.002558,30699374,2696224.635132
TX,2024-Q1,1088.857269,35.241853,0.001618,30896708,2691987.034805
TX,2024-Q2,1386.951123,44.606331,0.002032,31093145,2729672.878488
TX,2024-Q3,2380.605819,76.079981,0.003445,31290831,2764129.094738
TX,2024-Q4,2954.044737,94.090100,0.004251,31395914,2779721.818271
TX,2025-Q1,2066.547526,65.601869,0.002997,31501351,2758574.958387
TX,2025-Q2,2274.198948,71.957304,0.003244,31604838,2804057.163837
TX,2025-Q3,2800.732656,88.323824,0.003954,31709821,2832959.243736
TX,2025-Q4,2689.837663,84.542724,0.003785,31816311,2842627.555161
TX,2026-Q1,1972.111150,61.776815,0.002769,31923160,2848881.101275
TX,2026-Q2,2132.963487,66.596768,0.002988,32028032,2855148.404673
UT,2022-Q1,20.270028,6.032088,0.000300,3360366,270574.536512
UT,2022-Q2,47.933035,14.220382,0.000706,3370727,271496.205792
UT,2022-Q3,26.802280,7.926770,0.000393,3381236,272992.841654
UT,2022-Q4,32.936475,9.714632,0.000478,3390398,275441.294857
UT,2023-Q1,32.201850,9.472286,0.000463,3399586,278150.313440
UT,2023-Q2,36.143472,10.603619,0.000515,3408597,280975.617400
UT,2023-Q3,30.409650,8.897606,0.000426,3417734,285726.090368
UT,2023-Q4,26.812843,7.796423,0.000372,3439120,288071.178792
UT,2024-Q1,56.223544,16.246566,0.000776,3460641,289961.892875
UT,2024-Q2,113.074635,32.473478,0.001546,3482061,292625.689367
UT,2024-Q3,33.926427,9.683269,0.000461,3503613,294329.054788
UT,2024-Q4,57.214353,16.288900,0.000773,3512474,295944.129460
UT,2025-Q1,32.076865,9.109228,0.000431,3521359,297852.071005
UT,2025-Q2,127.276404,36.054900,0.001696,3530072,300233.767788
UT,2025-Q3,38.062892,10.755559,0.000502,3538904,303237.806678
UT,2025-Q4,34.387792,9.692558,0.000452,3547855,304006.582222
UT,2026-Q1,8.491977,2.387513,0.000111,3556829,305987.740486
UT,2026-Q2,166.425680,46.674974,0.002162,3565629,307981.809616
VA,2022-Q1,71.904716,8.295129,0.000416,8668306,691639.710703
VA,2022-Q2,89.246885,10.289402,0.000515,8673671,693180.636806
VA,2022-Q3,46.641288,5.373978,0.000265,8679099,703059.961420
VA,2022-Q4,154.422258,17.773568,0.000874,8688309,706893.636443
VA,2023-Q1,108.547383,12.480254,0.000609,8697529,713069.767679
VA,2023-Q2,183.918616,21.124145,0.001023,8706558,718991.149035
VA,2023-Q3,244.700635,28.075851,0.001350,8715698,725167.280272
VA,2023-Q4,295.177829,33.774734,0.001609,8739604,733841.203014
VA,2024-Q1,141.993478,16.202684,0.000776,8763577,732393.478086
VA,2024-Q2,175.705814,19.995304,0.000952,8787353,737929.627917
VA,2024-Q3,231.688020,26.294733,0.001248,8811195,742359.790464
VA,2024-Q4,218.276366,24.724021,0.001167,8828514,748082.342645
VA,2025-Q1,168.461895,19.044136,0.000902,8845867,746970.141950
VA,2025-Q2,154.077470,17.384591,0.000822,8862875,750194.902626
VA,2025-Q3,151.309038,17.039101,0.000798,8880107,758216.417139
VA,2025-Q4,99.878328,11.225360,0.000529,8897561,754786.613877
VA,2026-Q1,126.186112,14.154279,0.000668,8915050,755662.704927
VA,2026-Q2,65.408005,7.322727,0.000346,8932192,756539.812869
VT,2022-Q1,7.581936,11.716764,0.000708,647101,42862.301358
VT,2022-Q2,7.188334,11.108438,0.000666,647105,43182.924713
VT,2022-Q3,5.627515,8.696381,0.000522,647110,43118.800042
VT,2022-Q4,5.902300,9.119758,0.000541,647199,43672.933992
VT,2023-Q1,9.291968,14.355220,0.000852,647288,43623.328114
VT,2023-Q2,11.519821,17.794645,0.001054,647375,43731.815765
VT,2023-Q3,9.047410,13.973611,0.000826,647464,43833.850619
VT,2023-Q4,11.649820,17.985819,0.001046,647722,44537.205502
VT,2024-Q1,5.984023,9.234873,0.000538,647981,44454.529039
VT,2024-Q2,8.996247,13.878021,0.000801,648237,44901.788537
VT,2024-Q3,11.298803,17.423169,0.000997,648493,45322.430247
VT,2024-Q4,9.857442,15.223249,0.000867,647525,45499.075568
VT,2025-Q1,7.320849,11.322778,0.000647,646559,45232.897688
VT,2025-Q2,6.941697,10.752056,0.000611,645615,45466.408282
VT,2025-Q3,8.977619,13.926066,0.000780,644663,46020.542232
VT,2025-Q4,0.641197,0.996110,0.000056,643701,45979.405651
VT,2026-Q1,0.543099,0.844974,0.000047,642740,46042.723722
VT,2026-Q2,0.575250,0.896304,0.000050,641802,46106.128989
WA,2022-Q1,36.051957,4.644014,0.000190,7763102,758961.418431
WA,2022-Q2,41.265811,5.308372,0.000217,7773723,761574.596690
WA,2022-Q3,29.779117,3.825449,0.000155,7784477,770969.444789
WA,2022-Q4,140.602125,18.045286,0.000720,7791626,780723.211348
WA,2023-Q1,114.020943,14.620352,0.000577,7798782,790363.635236
WA,2023-Q2,135.322115,17.336123,0.000684,7805789,791774.121814
WA,2023-Q3,150.917642,19.316519,0.000748,7812880,806722.760815
WA,2023-Q4,141.656387,18.047349,0.000694,7849151,816961.382135
WA,2024-Q1,163.420168,20.723892,0.000796,7885592,821419.527212
WA,2024-Q2,158.802154,20.046213,0.000756,7921803,840045.506219
WA,2024-Q3,197.196241,24.779063,0.000935,7958180,843256.881910
WA,2024-Q4,229.928559,28.853033,0.001081,7968956,850422.657471
WA,2025-Q1,157.188024,19.698371,0.000741,7979747,848306.927604
WA,2025-Q2,147.447593,18.453283,0.000689,7990317,855441.219090
WA,2025-Q3,163.190729,20.396241,0.000757,8001020,862600.697836
WA,2025-Q4,82.748290,10.328232,0.000384,8011854,861845.080027
WA,2026-Q1,64.089633,7.988533,0.000294,8022703,871397.348503
WA,2026-Q2,65.181296,8.113857,0.000296,8033330,881055.489642
WI,2022-Q1,16.077285,2.731769,0.000152,5885301,423072.241614
WI,2022-Q2,12.575071,2.135745,0.000119,5887907,424470.092680
WI,2022-Q3,32.563242,5.528054,0.000305,5890543,427193.699340
WI,2022-Q4,98.172695,16.651629,0.000920,5895681,426869.269723
WI,2023-Q1,21.208573,3.594171,0.000198,5900824,427434.017574
WI,2023-Q2,39.406572,6.672453,0.000368,5905859,428415.317033
WI,2023-Q3,36.336437,6.147304,0.000335,5910955,433662.265158
WI,2023-Q4,378.531185,63.903420,0.003456,5923488,438144.200235
WI,2024-Q1,50.938886,8.581278,0.000467,5936048,436373.855906
WI,2024-Q2,155.743050,26.181908,0.001418,5948498,439413.881575
WI,2024-Q3,52.593838,8.823026,0.000474,5960975,443935.869692
WI,2024-Q4,117.576377,19.714514,0.001059,5963950,444136.134887
WI,2025-Q1,50.987283,8.544982,0.000461,5966926,442125.472324
WI,2025-Q2,97.232600,16.287305,0.000872,5969839,446058.680765
WI,2025-Q3,50.581830,8.468715,0.000449,5972787,450792.949989
WI,2025-Q4,132.444488,22.163593,0.001175,5975767,450873.056067
WI,2026-Q1,25.994461,4.347808,0.000230,5978750,451842.339614
WI,2026-Q2,27.638462,4.620527,0.000244,5981669,452813.706919
WV,2022-Q1,5.431160,3.051922,0.000225,1779587,96399.367157
WV,2022-Q2,5.479094,3.083644,0.000228,1776824,96222.809801
WV,2022-Q3,5.118349,2.885146,0.000208,1774035,98593.994077
WV,2022-Q4,11.643334,6.566894,0.000463,1773035,100482.018707
WV,2023-Q1,20.405904,11.515516,0.000816,1772035,100058.660746
WV,2023-Q2,19.768827,11.162154,0.000777,1771058,101731.209462
WV,2023-Q3,22.462152,12.689972,0.000888,1770071,101141.735709
WV,2023-Q4,19.064853,10.770812,0.000740,1770047,102987.994083
WV,2024-Q1,72.939142,41.207979,0.002798,1770024,104264.712598
WV,2024-Q2,24.730013,13.971744,0.000948,1770001,104385.265201
WV,2024-Q3,32.048783,18.106872,0.001230,1769979,104222.946342
WV,2024-Q4,44.526006,25.169981,0.001697,1769012,104925.378834
WV,2025-Q1,45.150855,25.537147,0.001742,1768046,103677.137311
WV,2025-Q2,36.673973,20.753743,0.001401,1767101,104716.547552
WV,2025-Q3,32.623246,18.471422,0.001231,1766147,105984.722970
WV,2025-Q4,53.665296,30.402125,0.002031,1765182,105713.242304
WV,2026-Q1,22.588600,12.803743,0.000852,1764218,106091.037077
WV,2026-Q2,23.745693,13.466806,0.000892,1763275,106470.182001
WY,2022-Q1,45.938481,79.122956,0.003726,580596,49315.272141
WY,2022-Q2,40.367571,69.466378,0.003381,581109,47754.048527
WY,2022-Q3,31.110331,53.488274,0.002593,581629,47990.171477
WY,2022-Q4,66.186904,113.676319,0.005376,582240,49243.514037
WY,2023-Q1,55.006499,94.374775,0.004382,582851,50211.763590
WY,2023-Q2,55.437679,95.016900,0.004318,583450,51351.165917
WY,2023-Q3,66.406278,113.698283,0.005118,584057,51904.866963
WY,2023-Q4,64.807749,110.791931,0.004992,584950,51932.503530
WY,2024-Q1,107.275001,183.111725,0.008484,585844,50578.311743
WY,2024-Q2,74.639959,127.213342,0.005840,586730,51118.921783
WY,2024-Q3,83.525066,142.141775,0.006454,587618,51768.623536
WY,2024-Q4,144.300289,245.448780,0.011183,587903,51612.501174
WY,2025-Q1,151.124452,256.931401,0.011883,588189,50872.132088
WY,2025-Q2,99.205070,168.581406,0.007701,588469,51530.076325
WY,2025-Q3,106.040637,180.110568,0.008172,588753,51901.472999
WY,2025-Q4,154.280720,261.919174,0.011901,589039,51855.896906
WY,2026-Q1,110.007249,186.666209,0.008458,589325,52026.564829
WY,2026-Q2,116.160190,197.013086,0.008902,589606,52197.794453
